netcdf ic_slotted_cylinder_2562 {
dimensions:
	nCells = 2562 ;
	nVertices = 5120 ;
	nCategories = 1 ;
	ONE = 1 ;
variables:
	double uVelocity(nVertices) ;
	double vVelocity(nVertices) ;
	double iceAreaCell(nCells) ;
	double iceVolumeCell(nCells) ;
	double iceAreaCategory(nCells, nCategories, ONE) ;
	double iceVolumeCategory(nCells, nCategories, ONE) ;
data:

 uVelocity = 3.51971928314205, 3.47512234552054, 3.39605364751305, 
    3.39605364776838, 3.47512234595256, 3.39605364415435, 3.47512234253748, 
    3.51971928024815, 3.47512234234787, 3.39605364424297, 0.154357464161867, 
    0.154357464418338, 0.154357464376962, 0.154357464500569, 
    0.154357464373758, 3.39605364751305, 3.47512234552054, 3.51971928314207, 
    3.47512234595257, 3.39605364776839, 3.39605364415435, 3.39605364424296, 
    3.47512234234787, 3.51971928024815, 3.47512234253748, 3.39605365600016, 
    3.47512235331092, 3.51971929051509, 3.47512235377981, 3.39605365628955, 
    3.39605364650079, 3.4751223448265, 3.51971928232674, 3.47512234510602, 
    3.3960536468386, 3.3960536465008, 3.39605364683861, 3.47512234510602, 
    3.51971928232674, 3.4751223448265, 0.154357464161846, 0.154357464373768, 
    0.154357464500558, 0.154357464376972, 0.154357464418328, 
    3.47512234965195, 3.51971928719354, 3.47512235073297, 3.39605365277294, 
    3.3960536517862, 3.39605365277296, 3.47512235073298, 3.51971928719355, 
    3.47512234965196, 3.39605365178622, 3.39605365600017, 3.39605365628957, 
    3.47512235377982, 3.51971929051509, 3.47512235331093, 3.33632040348494, 
    3.3707523490026, 3.33632040282711, 3.23195483390815, 3.19170730176026, 
    3.23195483460147, 3.86052719315628, 3.85735494265993, 3.8600357605879, 
    3.86052719312186, 3.85735494257026, 3.86003576053382, 3.85735494241866, 
    3.86052719307657, 3.86003576063311, 3.85735494279346, 3.86052719322088, 
    3.86003576043921, 3.33632039673443, 3.37075234295757, 3.33632039667594, 
    3.23195482756115, 3.19170729467244, 3.23195482762904, 2.14741220053217, 
    2.14741220011114, 2.03504821319991, 1.91331103281558, 1.9133110333481, 
    2.03504821501541, 3.85735494318127, 3.86003576090522, 3.86052719293465, 
    3.85735494202528, 3.86003576029375, 3.86052719337439, 3.86052719290206, 
    3.86003576093899, 3.85735494327473, 3.86052719341129, 3.86003576023198, 
    3.85735494194176, 3.3363203952616, 3.23195482587916, 3.1917072928257, 
    3.23195482556806, 3.33632039492412, 3.37075234133105, 2.14741219436931, 
    2.14741219388141, 2.03504820739424, 1.91331102618635, 1.91331102674549, 
    2.03504820792936, 1.91331103481011, 2.03504821492811, 2.14741220272273, 
    2.14741220392819, 2.03504821887084, 1.9133110359939, 2.14741221165298, 
    2.03504822395832, 1.91331104400562, 1.91331104358003, 2.03504822645895, 
    2.14741221130944, 2.14741219417938, 2.03504820734298, 1.9133110261006, 
    1.91331102602604, 2.03504820752655, 2.14741219418535, 3.86052719322088, 
    3.85735494279346, 3.86003576063311, 3.86052719307657, 3.85735494241866, 
    3.86003576043921, 3.86052719312186, 3.8600357605879, 3.85735494265993, 
    3.86052719315628, 3.86003576053382, 3.85735494257026, 3.3363204028271, 
    3.37075234900259, 3.33632040348493, 3.23195483460147, 3.19170730176026, 
    3.23195483390815, 1.9133110333481, 1.91331103281558, 2.03504821319992, 
    2.14741220011115, 2.14741220053218, 2.03504821501541, 3.33632039673443, 
    3.23195482762903, 3.19170729467243, 3.23195482756114, 3.33632039667594, 
    3.37075234295757, 3.86052719293466, 3.86003576090522, 3.85735494318127, 
    3.86052719337439, 3.86003576029375, 3.85735494202528, 1.91331102618635, 
    2.03504820739425, 2.14741219388141, 2.14741219436931, 2.03504820792935, 
    1.9133110267455, 3.33632039492412, 3.23195482556806, 3.19170729282571, 
    3.23195482587917, 3.3363203952616, 3.37075234133105, 3.86003576093899, 
    3.86052719290206, 3.85735494194176, 3.86003576023198, 3.86052719341129, 
    3.85735494327473, 3.23195484163699, 3.19170730967967, 3.23195484186681, 
    3.33632041042294, 3.37075235592902, 3.33632041023479, 2.14741221165297, 
    2.14741221130942, 2.03504822645893, 1.91331104358002, 1.91331104400561, 
    2.03504822395829, 3.86003576034742, 3.86052719332038, 3.85735494301239, 
    3.86003576077637, 3.86052719300741, 3.85735494219614, 3.33632039797719, 
    3.23195482781526, 3.19170729537129, 3.23195482758278, 3.33632039772401, 
    3.3707523434905, 1.91331102602603, 1.91331102610058, 2.03504820734297, 
    2.14741219417937, 2.14741219418535, 2.03504820752655, 3.33632039797719, 
    3.37075234349048, 3.33632039772401, 3.23195482758276, 3.19170729537129, 
    3.23195482781525, 3.85735494301239, 3.86052719332038, 3.86003576034742, 
    3.85735494219614, 3.86052719300741, 3.86003576077637, 2.14741220272273, 
    2.03504821492812, 1.91331103481012, 1.91331103599391, 2.03504821887085, 
    2.1474122039282, 3.19170730967966, 3.23195484163698, 3.33632041023479, 
    3.37075235592902, 3.33632041042294, 3.23195484186681, 3.29636636362926, 
    3.24773691482299, 3.27150647779161, 3.37084721086564, 3.41435559172517, 
    3.39249536885371, 3.76894522317819, 3.7353246005687, 3.70681333198533, 
    3.72534591930479, 3.76403894959448, 3.78623820284751, 3.7353245999012, 
    3.7689452226303, 3.78623820219564, 3.76403894866395, 3.72534591818006, 
    3.70681333098936, 3.27150647403733, 3.24773691135723, 3.29636636079297, 
    3.39249536603282, 3.41435558865646, 3.37084720718277, 2.95756490679779, 
    2.87690638401446, 2.77685515752924, 2.77685515780303, 2.87690638510949, 
    2.95756490706125, 2.87690638022213, 2.95756490249572, 2.95756490235291, 
    2.87690637954507, 2.7768551526422, 2.77685515289343, 3.29636635933764, 
    3.24773691023361, 3.27150647312524, 3.37084720638359, 3.41435558767133, 
    3.39249536475112, 3.70681332896657, 3.72534591679101, 3.76403894695546, 
    3.78623820082457, 3.76894522059566, 3.73532459820695, 3.73532459794603, 
    3.768945220452, 3.7862382005649, 3.76403894665404, 3.7253459162681, 
    3.70681332863849, 3.29636635776033, 3.39249536309733, 3.41435558602935, 
    3.37084720445461, 3.27150647116826, 3.24773690820345, 0.903438045650939, 
    1.03257039861662, 1.16261876910387, 1.16261876965589, 1.03257039872572, 
    0.903438046431373, 0.903438053592724, 1.03257040536273, 1.16261877767811, 
    1.16261877906432, 1.03257041067264, 0.903438055183172, 0.903438061183353, 
    1.03257041680396, 1.16261878592089, 1.16261878643253, 1.03257041488004, 
    0.903438061661399, 1.03257040616398, 0.903438053635351, 
    0.903438055078504, 1.03257040919781, 1.16261877847409, 1.16261877734117, 
    1.03257039949571, 0.903438046662163, 0.903438047790002, 1.0325704004215, 
    1.16261877103789, 1.1626187701149, 3.29636636079297, 3.24773691135723, 
    3.27150647403733, 3.37084720718277, 3.41435558865647, 3.39249536603282, 
    3.76894522263029, 3.7353245999012, 3.70681333098936, 3.72534591818006, 
    3.76403894866395, 3.78623820219564, 3.7353246005687, 3.76894522317818, 
    3.78623820284752, 3.76403894959447, 3.7253459193048, 3.70681333198533, 
    3.247736914823, 3.29636636362927, 3.39249536885371, 3.41435559172518, 
    3.37084721086565, 3.27150647779162, 2.95756490679779, 2.95756490706126, 
    2.87690638510949, 2.77685515780302, 2.77685515752923, 2.87690638401446, 
    3.72534591679101, 3.70681332896656, 3.73532459820695, 3.76894522059565, 
    3.78623820082457, 3.76403894695546, 3.2477369102336, 3.29636635933764, 
    3.39249536475111, 3.41435558767132, 3.37084720638358, 3.27150647312524, 
    2.95756490249571, 2.87690638022212, 2.77685515289343, 2.77685515264219, 
    2.87690637954508, 2.95756490235289, 3.29636635776033, 3.24773690820345, 
    3.27150647116826, 3.37084720445462, 3.41435558602936, 3.39249536309733, 
    3.73532459794603, 3.70681332863849, 3.7253459162681, 3.76403894665404, 
    3.78623820056489, 3.768945220452, 3.24773692441733, 3.29636637269177, 
    3.39249537736691, 3.41435559992311, 3.37084721945235, 3.27150648687924, 
    2.8769063948919, 2.95756491772741, 2.95756491780715, 2.8769063964159, 
    2.77685516890115, 2.77685516892971, 3.29636636938179, 3.24773692030793, 
    3.27150648241272, 3.37084721516382, 3.4143555962887, 3.39249537413924, 
    3.70681333568204, 3.7253459226604, 3.76403895224453, 3.78623820548746, 
    3.76894522614054, 3.73532460428986, 3.70681333674755, 3.73532460502842, 
    3.76894522673302, 3.78623820620996, 3.76403895324676, 3.7253459239122, 
    3.70681333043198, 3.72534591774692, 3.7640389480836, 3.78623820181339, 
    3.76894522210539, 3.73532459949979, 3.73532460009807, 3.76894522282055, 
    3.78623820247427, 3.76403894917696, 3.72534591863172, 3.70681333147836, 
    3.24773691120959, 3.29636636054265, 3.39249536635517, 3.41435558881604, 
    3.37084720765732, 3.27150647379344, 2.77685515429861, 2.8769063816351, 
    2.95756490432179, 2.95756490447969, 2.87690638155258, 2.77685515435747, 
    3.29636635980591, 3.24773691052675, 3.27150647296846, 3.37084720645808, 
    3.4143555878722, 3.39249536540832, 3.27150647296846, 3.24773691052675, 
    3.29636635980591, 3.39249536540832, 3.41435558787219, 3.37084720645808, 
    2.9575649043218, 2.8769063816351, 2.77685515429862, 2.77685515435748, 
    2.87690638155259, 2.95756490447969, 3.29636636054265, 3.24773691120959, 
    3.27150647379342, 3.37084720765732, 3.41435558881603, 3.39249536635517, 
    3.76894522282056, 3.73532460009807, 3.70681333147836, 3.72534591863172, 
    3.76403894917696, 3.78623820247427, 3.70681333043198, 3.73532459949979, 
    3.76894522210539, 3.78623820181339, 3.76403894808361, 3.72534591774692, 
    0.903438046662163, 1.03257039949573, 1.16261877011491, 1.16261877103791, 
    1.03257040042149, 0.903438047790018, 0.903438053635359, 1.03257040616398, 
    1.16261877734117, 1.16261877847409, 1.03257040919781, 0.903438055078513, 
    1.03257041680396, 0.903438061183345, 0.903438061661404, 1.03257041488003, 
    1.16261878643252, 1.16261878592087, 1.03257040536272, 0.903438053592724, 
    0.903438055183179, 1.03257041067264, 1.16261877906432, 1.1626187776781, 
    0.903438045650941, 0.90343804643137, 1.03257039872571, 1.1626187696559, 
    1.16261876910389, 1.03257039861661, 3.24773692218824, 3.29636637051913, 
    3.39249537553824, 3.41435559839331, 3.37084721805891, 3.27150648520813, 
    2.77685516163244, 2.87690638833652, 2.95756491116434, 2.9575649125277, 
    2.87690639049826, 2.77685516298305, 3.37084720951275, 3.4143555906345, 
    3.39249536880745, 3.29636636297443, 3.24773691395421, 3.27150647558195, 
    3.76894522472282, 3.73532460220802, 3.7068133334731, 3.7253459202698, 
    3.76403895060766, 3.78623820394614, 3.7253459229499, 3.70681333565846, 
    3.73532460382477, 3.76894522585012, 3.78623820545346, 3.76403895252925, 
    3.70681333565847, 3.7253459229499, 3.76403895252925, 3.78623820545346, 
    3.76894522585012, 3.73532460382476, 3.73532460220802, 3.76894522472282, 
    3.78623820394614, 3.76403895060766, 3.7253459202698, 3.7068133334731, 
    3.39249536880746, 3.4143555906345, 3.37084720951276, 3.27150647558194, 
    3.24773691395422, 3.29636636297443, 2.95756491116436, 2.87690638833653, 
    2.77685516163244, 2.77685516298306, 2.87690639049828, 2.95756491252772, 
    3.29636637051912, 3.24773692218824, 3.27150648520813, 3.37084721805891, 
    3.41435559839331, 3.39249537553824, 3.73532460502842, 3.70681333674755, 
    3.7253459239122, 3.76403895324676, 3.78623820620996, 3.76894522673302, 
    3.76403895224453, 3.7253459226604, 3.70681333568204, 3.73532460428986, 
    3.76894522614055, 3.78623820548746, 3.27150648241272, 3.24773692030795, 
    3.2963663693818, 3.39249537413925, 3.4143555962887, 3.37084721516383, 
    2.95756491772742, 2.87690639489191, 2.77685516892972, 2.77685516890116, 
    2.87690639641591, 2.95756491780717, 3.29636637269178, 3.24773692441733, 
    3.27150648687924, 3.37084721945236, 3.41435559992312, 3.39249537736691, 
    3.69034136284513, 3.66902586196525, 3.69610022881746, 3.74352818035439, 
    3.76062802068365, 3.73904385009254, 3.73904384915359, 3.76062801951332, 
    3.74352817885714, 3.69610022697635, 3.66902586039812, 3.69034136170115, 
    2.68983921205122, 2.75552219944641, 2.71743080819205, 2.59000888207046, 
    2.51344855277885, 2.55900622258916, 2.55900622580187, 2.5134485569339, 
    2.59000888740643, 2.71743081296537, 2.75552220330374, 2.68983921494602, 
    3.76062801822243, 3.7435281777863, 3.69610022525304, 3.66902585859627, 
    3.69034135959205, 3.73904384779614, 3.85429643637894, 3.85870568247999, 
    3.86103574461437, 3.85946486675864, 3.86103574461713, 3.85870568246069, 
    3.85429643661807, 3.85870568266521, 3.86103574459901, 3.85946486664261, 
    3.86103574460411, 3.85870568261925, 3.85870568218824, 3.86103574465829, 
    3.85946486702695, 3.86103574466378, 3.85870568216127, 3.8542964358189, 
    3.73904384643936, 3.69034135855334, 3.66902585724456, 3.6961002243344, 
    3.74352817661265, 3.76062801727404, 3.73904384810876, 3.69034135995964, 
    3.66902585911129, 3.69610022588481, 3.74352817832292, 3.76062801862327, 
    2.68983920460133, 2.75552219278086, 2.71743080150696, 2.59000887541825, 
    2.51344854530942, 2.55900621516455, 2.55900621604943, 2.51344854661861, 
    2.59000887703654, 2.71743080274771, 2.75552219367367, 2.68983920527075, 
    3.73904384608154, 3.7606280169476, 3.74352817596999, 3.69610022391329, 
    3.66902585678567, 3.69034135833747, 1.92822120497328, 1.85158065035756, 
    1.71673000672189, 1.62632047729976, 1.71673000829342, 1.8515806516817, 
    1.92822119535366, 1.85158064069737, 1.71672999729685, 1.6263204671434, 
    1.71672999818415, 1.85158064146224, 3.7606280230259, 3.74352818249984, 
    3.69610023151787, 3.66902586514668, 3.6903413662693, 3.73904385281335, 
    3.85429643730031, 3.85870568308304, 3.86103574455386, 3.85946486629979, 
    3.86103574455475, 3.85870568307874, 3.73904385294298, 3.69034136645886, 
    3.66902586540083, 3.69610023185968, 3.74352818274118, 3.76062802319882, 
    3.85870568203261, 3.86103574468196, 3.85946486714144, 3.8610357446785, 
    3.85870568205915, 3.85429643558444, 3.7390438452, 3.69034135723507, 
    3.66902585564614, 3.69610022281084, 3.74352817513519, 3.76062801610617, 
    3.73904384571644, 3.76062801671597, 3.74352817595134, 3.69610022373314, 
    3.66902585648341, 3.69034135782162, 2.68983920291653, 2.75552219136651, 
    2.71743080052465, 2.59000887428552, 2.51344854383711, 2.55900621324726, 
    2.55900621230208, 2.51344854275856, 2.59000887285915, 2.7174307990401, 
    2.7555221900842, 2.68983920195731, 1.92822119160674, 1.85158063755821, 
    1.71672999376142, 1.62632046329999, 1.71672999368156, 1.85158063745382, 
    1.85158063947254, 1.71672999611985, 1.62632046481581, 1.71672999490435, 
    1.85158063836851, 1.9282211930361, 2.55900621513632, 2.68983920528556, 
    2.75552219342873, 2.71743080364367, 2.5900088770865, 2.51344854670601, 
    2.55900623044055, 2.51344856098806, 2.59000888952688, 2.71743081648028, 
    2.75552220758498, 2.68983922087117, 1.92822121048097, 1.85158065838457, 
    1.71673001255179, 1.62632048317417, 1.71673001130163, 1.851580657115, 
    2.55900623226872, 2.68983922270568, 2.75552220953349, 2.71743081948777, 
    2.59000889252288, 2.51344856394869, 2.55900621345203, 2.51344854401996, 
    2.59000887420429, 2.71743080075885, 2.75552219160256, 2.68983920357477, 
    3.73904384810876, 3.76062801862328, 3.74352817832292, 3.69610022588482, 
    3.66902585911129, 3.69034135995965, 3.85429643637894, 3.8587056824607, 
    3.86103574461713, 3.85946486675864, 3.86103574461437, 3.85870568247999, 
    3.76062801727404, 3.74352817661265, 3.6961002243344, 3.66902585724455, 
    3.69034135855335, 3.73904384643936, 3.8542964358189, 3.85870568216127, 
    3.86103574466378, 3.85946486702695, 3.86103574465829, 3.85870568218824, 
    3.85870568261926, 3.86103574460411, 3.85946486664261, 3.86103574459901, 
    3.85870568266521, 3.85429643661808, 3.73904384915359, 3.69034136170115, 
    3.66902586039812, 3.69610022697636, 3.74352817885714, 3.76062801951333, 
    3.73904384779614, 3.69034135959206, 3.66902585859628, 3.69610022525305, 
    3.7435281777863, 3.76062801822244, 2.55900622580186, 2.68983921494601, 
    2.75552220330374, 2.71743081296536, 2.59000888740643, 2.51344855693388, 
    2.55900622258917, 2.51344855277885, 2.59000888207047, 2.71743080819205, 
    2.75552219944642, 2.68983921205122, 3.73904385009254, 3.76062802068365, 
    3.74352818035439, 3.69610022881747, 3.66902586196525, 3.69034136284513, 
    1.85158064146224, 1.71672999818415, 1.62632046714338, 1.71672999729685, 
    1.85158064069735, 1.92822119535365, 2.55900621604943, 2.68983920527074, 
    2.75552219367367, 2.7174308027477, 2.59000887703654, 2.51344854661859, 
    1.92822120497329, 1.85158065168169, 1.71673000829342, 1.62632047729975, 
    1.71673000672189, 1.85158065035755, 3.73904384608153, 3.69034135833747, 
    3.66902585678566, 3.69610022391329, 3.74352817596998, 3.76062801694759, 
    2.55900621516454, 2.5134485453094, 2.59000887541824, 2.71743080150694, 
    2.75552219278085, 2.68983920460131, 3.85870568307874, 3.86103574455475, 
    3.85946486629979, 3.86103574455386, 3.85870568308304, 3.85429643730031, 
    3.73904385281335, 3.6903413662693, 3.66902586514668, 3.69610023151787, 
    3.74352818249984, 3.7606280230259, 1.71672999368156, 1.62632046330001, 
    1.71672999376143, 1.85158063755823, 1.92822119160676, 1.85158063745385, 
    2.5590062123021, 2.68983920195732, 2.75552219008421, 2.71743079904012, 
    2.59000887285916, 2.51344854275857, 2.55900621324727, 2.51344854383711, 
    2.59000887428552, 2.71743080052466, 2.75552219136651, 2.68983920291653, 
    3.66902585648342, 3.69610022373314, 3.74352817595135, 3.76062801671596, 
    3.73904384571643, 3.69034135782162, 3.7390438452, 3.76062801610617, 
    3.74352817513519, 3.69610022281084, 3.66902585564614, 3.69034135723507, 
    3.85429643558444, 3.85870568205915, 3.8610357446785, 3.85946486714144, 
    3.86103574468196, 3.85870568203261, 3.73904385294298, 3.76062802319882, 
    3.74352818274118, 3.69610023185968, 3.66902586540083, 3.69034136645886, 
    2.75552220758498, 2.71743081648029, 2.59000888952688, 2.51344856098807, 
    2.55900623044056, 2.68983922087118, 2.55900623226872, 2.5134485639487, 
    2.59000889252288, 2.71743081948776, 2.75552220953348, 2.68983922270568, 
    1.92822121048097, 1.851580657115, 1.71673001130164, 1.62632048317417, 
    1.71673001255179, 1.85158065838458, 1.85158063836852, 1.71672999490434, 
    1.62632046481582, 1.71672999611984, 1.85158063947254, 1.92822119303609, 
    2.55900621345202, 2.68983920357478, 2.75552219160255, 2.71743080075886, 
    2.59000887420428, 2.51344854401997, 2.55900621513632, 2.51344854670602, 
    2.59000887708649, 2.71743080364368, 2.75552219342872, 2.68983920528556, 
    3.31181370257387, 3.35908132346166, 3.44625835690342, 3.4633277441073, 
    3.41800761050411, 3.32584574099211, 3.26804799730986, 3.20942955850101, 
    3.12164836499262, 3.12164836525515, 3.20942955923946, 3.26804799757476, 
    3.35908132450756, 3.31181370406625, 3.32584574291193, 3.41800761247519, 
    3.46332774556996, 3.44625835807049, 3.6450147615448, 3.60067298658623, 
    3.56009474911326, 3.58034875564143, 3.63825080787157, 3.67297415202974, 
    3.56009474835612, 3.60067298625167, 3.64501476122664, 3.67297415146641, 
    3.63825080692829, 3.58034875465491, 3.3590813206922, 3.31181370020673, 
    3.32584573889264, 3.41800760864817, 3.46332774205432, 3.44625835445029, 
    3.56009474573959, 3.58034875259364, 3.63825080461649, 3.67297414943854, 
    3.64501475846348, 3.60067298383726, 3.5803487521188, 3.56009474546507, 
    3.60067298372279, 3.64501475837662, 3.6729741492274, 3.6382508042955, 
    3.31181369907863, 3.35908132025738, 3.44625835374865, 3.46332774127064, 
    3.41800760742445, 3.32584573785137, 3.26804799362015, 3.26804799367781, 
    3.20942955460651, 3.12164836096841, 3.12164836100006, 3.20942955528946, 
    0.513170980391654, 0.390101460425834, 0.39010146214344, 
    0.513170982837199, 0.644390362785376, 0.644390361391548, 
    0.39010145995051, 0.51317097986375, 0.644390360553818, 0.644390361614694, 
    0.513170981309957, 0.390101461351891, 0.390101464472655, 
    0.513170985220625, 0.644390367300331, 0.644390369210505, 
    0.513170992235016, 0.390101466818805, 0.390101469340862, 
    0.513170995446163, 0.644390373865335, 0.644390374285878, 
    0.513170994512027, 0.390101469695325, 0.390101464823125, 
    0.390101467148519, 0.513170991705255, 0.644390369430307, 
    0.644390367590229, 0.513170986531185, 3.60067298658624, 3.64501476154479, 
    3.67297415202976, 3.63825080787157, 3.58034875564144, 3.56009474911326, 
    3.31181370406625, 3.35908132450757, 3.4462583580705, 3.46332774556998, 
    3.4180076124752, 3.32584574291194, 3.20942955850101, 3.26804799730986, 
    3.26804799757476, 3.20942955923946, 3.12164836525515, 3.12164836499261, 
    3.35908132346166, 3.31181370257388, 3.32584574099211, 3.41800761050411, 
    3.46332774410731, 3.44625835690342, 3.56009474835613, 3.58034875465492, 
    3.63825080692828, 3.67297415146642, 3.64501476122664, 3.60067298625168, 
    3.31181370020672, 3.35908132069219, 3.44625835445029, 3.46332774205431, 
    3.41800760864816, 3.32584573889263, 3.26804799362015, 3.20942955528946, 
    3.12164836100006, 3.12164836096841, 3.20942955460651, 3.26804799367781, 
    3.35908132025737, 3.31181369907862, 3.32584573785136, 3.41800760742444, 
    3.46332774127064, 3.44625835374865, 3.56009474546506, 3.5803487521188, 
    3.6382508042955, 3.67297414922739, 3.64501475837662, 3.60067298372279, 
    3.56009474573959, 3.60067298383726, 3.64501475846347, 3.67297414943854, 
    3.63825080461649, 3.58034875259363, 3.20942956821056, 3.26804800673831, 
    3.26804800699638, 3.20942956910064, 3.12164837543289, 3.12164837525338, 
    3.35908133210083, 3.31181371157333, 3.3258457496641, 3.41800761859748, 
    3.46332775179875, 3.4462583648768, 3.56009475520654, 3.58034876125019, 
    3.6382508127279, 3.67297415692659, 3.64501476699879, 3.60067299271539, 
    3.58034876235721, 3.56009475602123, 3.60067299309049, 3.64501476733615, 
    3.67297415755316, 3.63825081373643, 3.35908133326547, 3.44625836615578, 
    3.46332775346192, 3.41800762080316, 3.32584575184952, 3.31181371327306, 
    3.35908132245567, 3.31181370178286, 3.32584574001317, 3.41800760989976, 
    3.4633277433773, 3.44625835626692, 3.56009474779591, 3.58034875408694, 
    3.63825080639685, 3.67297415100882, 3.6450147607534, 3.60067298565548, 
    3.600672985903, 3.64501476108012, 3.67297415145966, 3.6382508072732, 
    3.58034875468341, 3.5600947484059, 3.31181370203029, 3.35908132303664, 
    3.44625835680565, 3.46332774403365, 3.41800761064153, 3.32584574069303, 
    3.26804799594899, 3.26804799628088, 3.20942955723016, 3.12164836340318, 
    3.12164836314393, 3.20942955730212, 3.64501476108012, 3.60067298590299, 
    3.5600947484059, 3.58034875468341, 3.63825080727321, 3.67297415145966, 
    3.58034875408695, 3.56009474779592, 3.60067298565547, 3.64501476075342, 
    3.67297415100882, 3.63825080639685, 3.31181370178285, 3.35908132245566, 
    3.44625835626693, 3.4633277433773, 3.41800760989977, 3.32584574001317, 
    3.26804799594899, 3.20942955730213, 3.12164836314393, 3.12164836340318, 
    3.20942955723017, 3.26804799628088, 3.35908132303663, 3.31181370203028, 
    3.32584574069302, 3.41800761064153, 3.46332774403365, 3.44625835680565, 
    0.513170979863757, 0.390101459950514, 0.390101461351887, 
    0.513170981309937, 0.644390361614679, 0.644390360553805, 
    0.390101460425834, 0.513170980391677, 0.644390361391548, 
    0.644390362785384, 0.513170982837199, 0.390101462143453, 
    0.390101464823112, 0.513170986531194, 0.644390367590255, 
    0.64439036943033, 0.513170991705272, 0.390101467148507, 
    0.513170995446179, 0.390101469340858, 0.390101469695334, 
    0.513170994512023, 0.644390374285886, 0.644390373865327, 
    0.39010146447265, 0.390101466818792, 0.513170992235013, 
    0.644390369210495, 0.644390367300323, 0.513170985220632, 
    3.46332774715531, 3.44625836059314, 3.3590813270382, 3.3118137064222, 
    3.32584574385911, 3.41800761373586, 3.64501476467293, 3.60067298969088, 
    3.56009475193647, 3.58034875769823, 3.63825080995988, 3.67297415433584, 
    3.58034876026232, 3.56009475377362, 3.60067299058148, 3.64501476540208, 
    3.67297415576365, 3.63825081214336, 3.31181370995532, 3.35908133015054, 
    3.44625836348736, 3.46332775106351, 3.41800761854248, 3.32584574918805, 
    3.26804800175343, 3.26804800296036, 3.20942956456826, 3.12164837079488, 
    3.12164836947269, 3.2094295631454, 3.60067298969089, 3.64501476467293, 
    3.67297415433583, 3.63825080995988, 3.58034875769823, 3.56009475193648, 
    3.44625836059316, 3.46332774715532, 3.41800761373587, 3.32584574385913, 
    3.31181370642221, 3.35908132703821, 3.26804800175343, 3.20942956314541, 
    3.1216483694727, 3.12164837079489, 3.20942956456827, 3.26804800296038, 
    3.35908133015054, 3.31181370995533, 3.32584574918805, 3.41800761854248, 
    3.46332775106352, 3.44625836348737, 3.56009475377363, 3.58034876026232, 
    3.63825081214337, 3.67297415576365, 3.64501476540209, 3.60067299058148, 
    3.31181371157334, 3.35908133210083, 3.44625836487681, 3.46332775179875, 
    3.41800761859748, 3.3258457496641, 3.26804800673831, 3.20942956821056, 
    3.12164837525338, 3.1216483754329, 3.20942956910064, 3.26804800699638, 
    3.35908133326547, 3.31181371327306, 3.32584575184952, 3.41800762080316, 
    3.46332775346192, 3.44625836615579, 3.56009475602124, 3.58034876235721, 
    3.63825081373643, 3.67297415755317, 3.64501476733615, 3.6006729930905, 
    3.56009475520653, 3.60067299271539, 3.6450147669988, 3.6729741569266, 
    3.63825081272791, 3.58034876125018, 3.08082660801717, 3.04241173682454, 
    2.9206912327572, 2.86476252917547, 2.9105012306686, 3.0334125478374, 
    2.9105012315398, 2.86476253095996, 2.92069123535957, 3.04241173925898, 
    3.08082660957038, 3.03341254865553, 3.35389278326266, 3.38203646367467, 
    3.34224676909528, 3.2387419855312, 3.20616415863302, 3.25207929631784, 
    3.46488607518047, 3.49924465455745, 3.57603285089435, 3.60145794013974, 
    3.57210180618271, 3.49454781110009, 3.57210180569235, 3.60145793920912, 
    3.57603284944596, 3.49924465294645, 3.46488607403731, 3.49454781055657, 
    3.38203646125342, 3.35389278008579, 3.25207929293554, 3.20616415572886, 
    3.2387419834683, 3.34224676714462, 3.83730049868562, 3.81602439422394, 
    3.79952374854542, 3.81216850450131, 3.83475040255377, 3.84515172371925, 
    3.85524174976196, 3.85898334461991, 3.86098785453913, 3.85897089845091, 
    3.8608413352106, 3.85946975252995, 3.84228359978211, 3.82457407797039, 
    3.80871340093741, 3.82041520176199, 3.8399968010498, 3.8495135572642, 
    3.83730049842567, 3.81602439371894, 3.79952374798096, 3.81216850381735, 
    3.83475040220811, 3.84515172343446, 3.85524174961272, 3.85898334449836, 
    3.86098785455535, 3.85897089853854, 3.8608413352336, 3.85946975244585, 
    3.84228359998145, 3.82457407823984, 3.80871340125699, 3.8204152021239, 
    3.83999680125938, 3.84951355742011, 3.86084133519797, 3.85897089845485, 
    3.86098785454272, 3.85898334455374, 3.8552417497379, 3.8594697525296, 
    3.83475040251148, 3.81216850420118, 3.79952374850035, 3.81602439426909, 
    3.8373004988564, 3.84515172372913, 3.82457407890996, 3.84228360050848, 
    3.8495135577529, 3.83999680161838, 3.82041520249319, 3.808713401902, 
    3.86084133529588, 3.85897089874415, 3.86098785460524, 3.85898334428236, 
    3.85524174925527, 3.85946975229149, 3.83475040154957, 3.81216850309196, 
    3.79952374711499, 3.81602439313399, 3.83730049793289, 3.84515172301957, 
    3.82457407770568, 3.84228359963091, 3.84951355708345, 3.83999680072582, 
    3.82041520132951, 3.80871340048797, 3.4648860689349, 3.49924464850608, 
    3.57603284532914, 3.60145793511001, 3.5721018009682, 3.49454780548832, 
    3.57210180088351, 3.60145793499067, 3.57603284505017, 3.49924464832333, 
    3.46488606879208, 3.49454780543662, 3.25207928778574, 3.20616415000751, 
    3.23874197774547, 3.34224676160499, 3.38203645632499, 3.35389277511682, 
    3.080826601482, 3.04241173027962, 2.92069122612521, 2.86476252177829, 
    2.91050122330073, 3.03341254054834, 2.91050122343423, 2.86476252206779, 
    2.92069122656977, 3.04241173059118, 3.08082660167768, 3.03341254063997, 
    3.35389277555892, 3.38203645662013, 3.34224676181183, 3.23874197798445, 
    3.20616415034957, 3.25207928829333, 2.28022860418703, 2.40265427515554, 
    2.4295968822255, 2.34121441610718, 2.21188697166056, 2.17953696695939, 
    1.9849406019266, 1.88375469162434, 1.75116085122506, 1.70415170279435, 
    1.81775135254054, 1.94602812550664, 1.41889854835934, 1.54672376368563, 
    1.66983705266571, 1.66983705198026, 1.54672376143888, 1.41889854747539, 
    1.81775135569696, 1.704151707568, 1.75116085710719, 1.88375469823445, 
    1.98494060702109, 1.94602812971535, 2.21188697610915, 2.34121442127904, 
    2.42959688613418, 2.40265427847282, 2.28022860654878, 2.17953697069596, 
    2.58069898330844, 2.48250524607293, 2.37040346111973, 2.37040346146522, 
    2.48250524752885, 2.58069898360735, 3.83730049722269, 3.81602439252289, 
    3.79952374635626, 3.81216850268673, 3.83475040104545, 3.84515172264257, 
    3.85524174902513, 3.85898334420375, 3.86098785463037, 3.85897089887936, 
    3.86084133536623, 3.85946975217001, 3.80871340338234, 3.82041520419242, 
    3.839996802564, 3.84951355844971, 3.84228360113373, 3.82457408008348, 
    3.83730050014674, 3.81602439649907, 3.79952375106963, 3.81216850691302, 
    3.83475040413067, 3.84515172504442, 3.85524175045754, 3.85898334507543, 
    3.86098785446156, 3.85897089801443, 3.86084133508315, 3.85946975293424, 
    3.84228359857435, 3.82457407668573, 3.80871339914924, 3.82041520050351, 
    3.83999679982684, 3.84951355646953, 3.86084133506967, 3.85897089799313, 
    3.86098785445721, 3.8589833450892, 3.85524175050246, 3.85946975295874, 
    3.83475040424791, 3.81216850705744, 3.79952375129251, 3.81602439672981, 
    3.83730050032849, 3.84515172514695, 3.82457408051469, 3.84228360143838, 
    3.84951355865041, 3.8399968028122, 3.82041520452226, 3.80871340383006, 
    3.86084133539843, 3.85897089899106, 3.86098785465421, 3.85898334408679, 
    3.8552417488472, 3.85946975207691, 3.83475040068896, 3.81216850212871, 
    3.79952374582553, 3.81602439205011, 3.83730049695183, 3.84515172235639, 
    3.82457407647112, 3.84228359847614, 3.84951355633341, 3.83999679965052, 
    3.8204152001564, 3.80871339890026, 3.4648860671801, 3.4992446466888, 
    3.57603284364376, 3.60145793367096, 3.57210179959393, 3.49454780394676, 
    3.57210179985685, 3.60145793414029, 3.57603284441111, 3.49924464746755, 
    3.4648860677802, 3.49454780421399, 3.2520792870555, 3.20616414912086, 
    3.2387419765059, 3.34224676063611, 3.38203645550112, 3.35389277464523, 
    3.08082659980027, 3.04241172894884, 2.9206912245272, 2.86476251997308, 
    2.91050122114396, 3.03341253869673, 2.91050122079906, 2.86476251926956, 
    2.92069122352958, 3.04241172788238, 3.08082659914702, 3.033412538331, 
    3.35389277309147, 3.38203645440123, 3.34224675965113, 3.23874197560188, 
    3.206164147754, 3.25207928564178, 2.28022859870545, 2.40265427033085, 
    2.4295968774201, 2.34121441165764, 2.2118869666104, 2.17953696186471, 
    1.98494059668979, 1.88375468687305, 1.75116084588048, 1.70415169724174, 
    1.81775134649606, 1.94602812016069, 1.54672375502529, 1.41889854029187, 
    1.41889854105772, 1.54672375559485, 1.66983704566626, 1.66983704501851, 
    1.8177513481593, 1.70415169892245, 1.75116084857611, 1.88375468933316, 
    1.9849405991179, 1.94602812170514, 2.21188696886946, 2.3412144138293, 
    2.42959687955111, 2.40265427179645, 2.28022860012117, 2.17953696334986, 
    2.48250524155944, 2.58069897831205, 2.58069897796797, 2.48250524096618, 
    2.37040345532657, 2.37040345574696, 1.70415171207159, 1.81775135925391, 
    1.94602813482244, 1.98494061211482, 1.88375470439201, 1.75116086138526, 
    1.41889854829708, 1.54672376170737, 1.66983705336537, 1.66983705456452, 
    1.54672376632688, 1.41889854955953, 1.81775135280092, 1.70415170224912, 
    1.75116085007806, 1.88375469050174, 1.98494060130122, 1.94602812567358, 
    2.2118869716462, 2.34121441649983, 2.42959688285938, 2.40265427689687, 
    2.28022860569235, 2.17953696790764, 2.4825052492982, 2.5806989870123, 
    2.58069898831851, 2.4825052523831, 2.37040346556608, 2.37040346431457, 
    2.34121442840181, 2.21188698191546, 2.17953697632402, 2.28022861154443, 
    2.40265428451121, 2.42959689251844, 1.81775136502913, 1.70415171757556, 
    1.75116086502996, 1.88375470809254, 1.98494061622916, 1.94602814066237, 
    2.21188698622573, 2.34121443274437, 2.4295968968027, 2.40265429031028, 
    2.28022861731359, 2.17953698224677, 2.58069899496667, 2.48250525726598, 
    2.3704034728221, 2.37040347257654, 2.48250525939679, 2.58069899482802, 
    2.28022861555448, 2.4026542861926, 2.4295968931892, 2.3412144268598, 
    2.21188698258817, 2.17953697788018, 1.98494061271456, 1.88375470218215, 
    1.75116086179774, 1.70415171324896, 1.8177513634387, 1.94602813621702, 
    1.41889855692285, 1.54672377371729, 1.66983706215624, 1.66983706264065, 
    1.54672377126065, 1.41889855743696, 1.54672375422311, 1.41889853979863, 
    1.41889853943904, 1.54672375443117, 1.6698370444596, 1.66983704465869, 
    1.81775134660655, 1.70415169718831, 1.75116084605761, 1.88375468713567, 
    1.98494059721597, 1.94602812044671, 2.21188696754454, 2.34121441266494, 
    2.42959687876722, 2.4026542714854, 2.28022859968374, 2.17953696256324, 
    2.48250524207868, 2.58069897922181, 2.58069897921054, 2.48250524198014, 
    2.37040345608139, 2.37040345611661, 2.28022859950511, 2.40265427129882, 
    2.42959687854649, 2.34121441254737, 2.21188696735763, 2.17953696233429, 
    1.98494059721609, 1.88375468720816, 1.75116084642749, 1.70415169707677, 
    1.81775134667405, 1.94602812022711, 3.85897089845485, 3.86084133519797, 
    3.8594697525296, 3.8552417497379, 3.85898334455374, 3.86098785454272, 
    3.84228359963091, 3.82457407770568, 3.80871340048796, 3.82041520132951, 
    3.83999680072582, 3.84951355708345, 3.83730049793289, 3.81602439313399, 
    3.79952374711499, 3.81216850309196, 3.83475040154957, 3.84515172301957, 
    3.85524174925527, 3.85898334428236, 3.86098785460524, 3.85897089874415, 
    3.86084133529588, 3.85946975229149, 3.84228360050848, 3.82457407890995, 
    3.808713401902, 3.82041520249319, 3.83999680161838, 3.84951355775291, 
    3.81216850420119, 3.83475040251148, 3.84515172372913, 3.8373004988564, 
    3.81602439426909, 3.79952374850035, 3.8608413352336, 3.85897089853854, 
    3.86098785455535, 3.85898334449836, 3.85524174961272, 3.85946975244585, 
    3.83475040220811, 3.81216850381735, 3.79952374798096, 3.81602439371894, 
    3.83730049842566, 3.84515172343446, 3.82457407797039, 3.8422835997821, 
    3.8495135572642, 3.8399968010498, 3.82041520176199, 3.80871340093741, 
    3.8608413352106, 3.85897089845091, 3.86098785453913, 3.85898334461991, 
    3.85524174976196, 3.85946975252995, 3.83475040255377, 3.81216850450131, 
    3.79952374854541, 3.81602439422395, 3.83730049868561, 3.84515172371925, 
    3.82457407823984, 3.84228359998145, 3.84951355742012, 3.83999680125938, 
    3.8204152021239, 3.80871340125699, 3.04241173682453, 3.08082660801718, 
    3.0334125478374, 2.9105012306686, 2.86476252917546, 2.92069123275721, 
    3.35389278008578, 3.38203646125342, 3.34224676714461, 3.2387419834683, 
    3.20616415572886, 3.25207929293555, 3.46488607403731, 3.49924465294645, 
    3.57603284944596, 3.60145793920913, 3.57210180569235, 3.49454781055657, 
    3.5721018061827, 3.60145794013974, 3.57603285089434, 3.49924465455745, 
    3.46488607518046, 3.49454781110009, 3.38203646367467, 3.35389278326265, 
    3.25207929631784, 3.20616415863301, 3.2387419855312, 3.34224676909527, 
    2.86476253095995, 2.9105012315398, 3.03341254865552, 3.08082660957038, 
    3.04241173925897, 2.92069123535956, 2.28022860654879, 2.40265427847283, 
    2.42959688613419, 2.34121442127905, 2.21188697610917, 2.17953697069598, 
    1.9849406070211, 1.88375469823444, 1.75116085710719, 1.70415170756799, 
    1.81775135569698, 1.94602812971534, 1.54672376368563, 1.41889854835936, 
    1.41889854747541, 1.54672376143889, 1.66983705198027, 1.66983705266572, 
    1.81775135254055, 1.70415170279434, 1.75116085122506, 1.88375469162434, 
    1.98494060192661, 1.94602812550664, 2.21188697166056, 2.34121441610718, 
    2.4295968822255, 2.40265427515554, 2.28022860418704, 2.17953696695939, 
    2.48250524607293, 2.58069898330845, 2.58069898360736, 2.48250524752886, 
    2.37040346146523, 2.37040346111974, 3.08082660167768, 3.04241173059116, 
    2.92069122656976, 2.86476252206777, 2.91050122343422, 3.03341254063995, 
    2.91050122330072, 2.86476252177827, 2.9206912261252, 3.04241173027962, 
    3.080826601482, 3.03341254054833, 3.2061641500075, 3.25207928778573, 
    3.35389277511681, 3.38203645632499, 3.34224676160499, 3.23874197774547, 
    3.46488606879207, 3.49924464832333, 3.57603284505016, 3.60145793499066, 
    3.5721018008835, 3.49454780543662, 3.5721018009682, 3.60145793511002, 
    3.57603284532914, 3.49924464850608, 3.4648860689349, 3.49454780548833, 
    3.38203645662013, 3.35389277555892, 3.25207928829333, 3.20616415034956, 
    3.23874197798444, 3.34224676181183, 3.81602439252289, 3.8373004972227, 
    3.84515172264257, 3.83475040104545, 3.81216850268673, 3.79952374635626, 
    3.82457407668573, 3.84228359857435, 3.84951355646953, 3.83999679982684, 
    3.82041520050351, 3.80871339914924, 3.86084133508315, 3.85897089801443, 
    3.86098785446156, 3.85898334507543, 3.85524175045754, 3.85946975293424, 
    3.83475040413067, 3.81216850691302, 3.79952375106963, 3.81602439649907, 
    3.83730050014675, 3.84515172504442, 3.82041520419242, 3.80871340338233, 
    3.82457408008348, 3.84228360113373, 3.84951355844971, 3.839996802564, 
    3.85898334420375, 3.85524174902513, 3.85946975217001, 3.86084133536623, 
    3.85897089887936, 3.86098785463037, 2.40265427033085, 2.28022859870546, 
    2.17953696186473, 2.21188696661041, 2.34121441165766, 2.4295968774201, 
    2.58069897831205, 2.48250524155943, 2.37040345574696, 2.37040345532657, 
    2.48250524096618, 2.58069897796796, 2.28022860012117, 2.40265427179644, 
    2.42959687955111, 2.34121441382928, 2.21188696886945, 2.17953696334984, 
    1.9849405991179, 1.88375468933315, 1.75116084857611, 1.70415169892243, 
    1.81775134815931, 1.94602812170512, 1.41889854029187, 1.54672375502529, 
    1.6698370450185, 1.66983704566626, 1.54672375559484, 1.41889854105773, 
    1.88375468687307, 1.98494059668979, 1.94602812016069, 1.81775134649606, 
    1.70415169724175, 1.75116084588049, 3.08082659914702, 3.04241172788239, 
    2.92069122352959, 2.86476251926958, 2.91050122079907, 3.03341253833101, 
    2.91050122114398, 2.86476251997311, 2.92069122452722, 3.04241172894886, 
    3.08082659980029, 3.03341253869675, 3.20616414912087, 3.25207928705551, 
    3.35389277464524, 3.38203645550113, 3.34224676063612, 3.23874197650591, 
    3.4648860677802, 3.49924464746755, 3.57603284441111, 3.60145793414029, 
    3.57210179985686, 3.49454780421399, 3.57210179959394, 3.60145793367097, 
    3.57603284364376, 3.4992446466888, 3.4648860671801, 3.49454780394675, 
    3.38203645440123, 3.35389277309147, 3.25207928564178, 3.20616414775401, 
    3.23874197560188, 3.34224675965113, 3.83730049695183, 3.81602439205011, 
    3.79952374582553, 3.81216850212871, 3.83475040068896, 3.84515172235639, 
    3.8552417488472, 3.85898334408679, 3.86098785465421, 3.85897089899106, 
    3.86084133539843, 3.85946975207691, 3.84228360143838, 3.82457408051469, 
    3.80871340383006, 3.82041520452226, 3.8399968028122, 3.84951355865041, 
    3.83730050032849, 3.81602439672981, 3.79952375129251, 3.81216850705743, 
    3.83475040424791, 3.84515172514695, 3.85524175050246, 3.8589833450892, 
    3.86098785445721, 3.85897089799313, 3.86084133506967, 3.85946975295874, 
    3.84228359847614, 3.82457407647112, 3.80871339890026, 3.8204152001564, 
    3.83999679965052, 3.84951355633341, 3.04241174664212, 3.08082661685684, 
    3.03341255683306, 2.91050123934182, 2.8647625390975, 2.92069124230874, 
    3.20616416504156, 3.25207930188615, 3.35389278857596, 3.38203646925399, 
    3.34224677531644, 3.23874199205821, 3.46488608097362, 3.49924465984842, 
    3.5760328554895, 3.60145794491511, 3.57210181135635, 3.49454781701208, 
    3.57210181127168, 3.60145794473248, 3.57603285522568, 3.49924465945314, 
    3.46488608071886, 3.49454781688324, 3.25207930071066, 3.20616416394185, 
    3.23874199136287, 3.3422467747452, 3.38203646853347, 3.35389278760403, 
    2.86476253812043, 2.91050123895668, 3.0334125564585, 3.08082661625989, 
    3.04241174551892, 2.92069124115386, 2.28022861731358, 2.40265429031028, 
    2.4295968968027, 2.34121443274438, 2.21188698622572, 2.17953698224677, 
    1.98494061622916, 1.88375470809255, 1.75116086502996, 1.70415171757556, 
    1.81775136502913, 1.94602814066238, 1.5467237737173, 1.41889855692284, 
    1.41889855743697, 1.54672377126063, 1.66983706264066, 1.66983706215624, 
    1.81775136343869, 1.70415171324895, 1.75116086179774, 1.88375470218214, 
    1.98494061271454, 1.94602813621699, 2.21188698258816, 2.34121442685979, 
    2.42959689318918, 2.40265428619257, 2.28022861555447, 2.17953697788015, 
    2.48250525726596, 2.58069899496666, 2.580698994828, 2.48250525939677, 
    2.37040347257651, 2.37040347282208, 3.83730049953695, 3.81602439552504, 
    3.79952374979441, 3.8121685055086, 3.83475040322909, 3.84515172438773, 
    3.85524175001268, 3.85898334474675, 3.86098785451683, 3.85897089828832, 
    3.86084133515291, 3.85946975270758, 3.8422835992181, 3.82457407735823, 
    3.80871339993605, 3.82041520095658, 3.8399968002872, 3.8495135568304, 
    3.83730049748391, 3.81602439274038, 3.79952374653887, 3.81216850266742, 
    3.83475040109803, 3.84515172273185, 3.85524174900921, 3.85898334416065, 
    3.86098785463868, 3.85897089888909, 3.86084133535606, 3.85946975218227, 
    3.84228360104085, 3.82457407991773, 3.80871340299439, 3.82041520364015, 
    3.83999680222929, 3.84951355826986, 3.04241173024201, 3.08082660099625, 
    3.03341254061537, 2.91050122232067, 2.86476252123369, 2.92069122521197, 
    3.35389277617434, 3.38203645687034, 3.34224676258644, 3.23874197779162, 
    3.2061641505101, 3.25207928805274, 3.46488607017294, 3.49924464917407, 
    3.57603284670063, 3.60145793609385, 3.57210180252023, 3.49454780628909, 
    3.57210180267431, 3.60145793638611, 3.57603284716961, 3.4992446496989, 
    3.46488607056531, 3.49454780646093, 3.38203645769644, 3.3538927774706, 
    3.25207928927346, 3.206164151828, 3.23874197850084, 3.34224676335215, 
    2.86476252219831, 2.91050122267359, 3.0334125410174, 3.08082660156323, 
    3.04241173145599, 2.92069122628746, 2.40265427129883, 2.2802285995051, 
    2.1795369623343, 2.21188696735762, 2.34121441254738, 2.42959687854648, 
    2.58069897922181, 2.48250524207867, 2.37040345611661, 2.37040345608139, 
    2.48250524198015, 2.58069897921053, 2.28022859968375, 2.40265427148541, 
    2.42959687876723, 2.34121441266495, 2.21188696754455, 2.17953696256324, 
    1.98494059721598, 1.88375468713568, 1.75116084605762, 1.70415169718831, 
    1.81775134660656, 1.94602812044671, 1.41889853979862, 1.54672375422312, 
    1.66983704465869, 1.6698370444596, 1.54672375443116, 1.41889853943904, 
    1.88375468720816, 1.98494059721608, 1.94602812022712, 1.81775134667405, 
    1.70415169707678, 1.75116084642747, 3.08082660099623, 3.04241173024201, 
    2.92069122521196, 2.8647625212337, 2.91050122232066, 3.03341254061537, 
    2.91050122267358, 2.86476252219832, 2.92069122628745, 3.042411731456, 
    3.08082660156322, 3.0334125410174, 3.3538927774706, 3.38203645769642, 
    3.34224676335215, 3.23874197850083, 3.206164151828, 3.25207928927345, 
    3.46488607056531, 3.49924464969888, 3.57603284716962, 3.6014579363861, 
    3.57210180267431, 3.49454780646091, 3.57210180252023, 3.60145793609383, 
    3.57603284670063, 3.49924464917406, 3.46488607017293, 3.49454780628908, 
    3.38203645687032, 3.35389277617434, 3.25207928805273, 3.2061641505101, 
    3.2387419777916, 3.34224676258644, 3.82457407735823, 3.8422835992181, 
    3.8495135568304, 3.8399968002872, 3.82041520095658, 3.80871339993605, 
    3.86084133515291, 3.85897089828832, 3.86098785451683, 3.85898334474675, 
    3.85524175001267, 3.85946975270758, 3.83475040322909, 3.8121685055086, 
    3.79952374979441, 3.81602439552503, 3.83730049953695, 3.84515172438773, 
    3.82457407991773, 3.84228360104086, 3.84951355826986, 3.8399968022293, 
    3.82041520364015, 3.80871340299439, 3.85524174900921, 3.85946975218227, 
    3.86084133535606, 3.85897089888909, 3.86098785463868, 3.85898334416065, 
    3.83475040109803, 3.81216850266742, 3.79952374653887, 3.81602439274038, 
    3.83730049748391, 3.84515172273185, 1.81775135925393, 1.7041517120716, 
    1.75116086138526, 1.88375470439201, 1.98494061211483, 1.94602813482244, 
    2.21188698191547, 2.34121442840182, 2.42959689251846, 2.40265428451122, 
    2.28022861154444, 2.17953697632403, 2.58069898701232, 2.48250524929822, 
    2.37040346431457, 2.37040346556609, 2.48250525238311, 2.58069898831853, 
    2.28022860569234, 2.40265427689689, 2.42959688285938, 2.34121441649984, 
    2.21188697164619, 2.17953696790764, 1.98494060130121, 1.88375469050176, 
    1.75116085007805, 1.70415170224913, 1.81775135280091, 1.94602812567358, 
    1.5467237617074, 1.41889854829708, 1.41889854955954, 1.54672376632688, 
    1.66983705456452, 1.66983705336537, 3.46488608071885, 3.49924465945314, 
    3.57603285522568, 3.60145794473248, 3.57210181127168, 3.49454781688323, 
    3.57210181135634, 3.60145794491511, 3.57603285548949, 3.49924465984842, 
    3.46488608097362, 3.49454781701208, 3.25207930188615, 3.20616416504156, 
    3.23874199205821, 3.34224677531644, 3.38203646925399, 3.35389278857596, 
    3.08082661685684, 3.04241174664212, 2.92069124230873, 2.86476253909749, 
    2.91050123934182, 3.03341255683306, 2.91050123895668, 2.86476253812042, 
    2.92069124115385, 3.04241174551892, 3.08082661625989, 3.0334125564585, 
    3.20616416394184, 3.25207930071066, 3.35389278760403, 3.38203646853347, 
    3.34224677474519, 3.23874199136287, 3.17505517819785, 3.16097552492228, 
    3.05899736283131, 2.99386884005565, 3.00977836813594, 3.11994727779011, 
    2.97060165769012, 2.90894311915608, 2.94084144324995, 3.06015736421514, 
    3.1132519171817, 3.08618979269084, 3.58371794822061, 3.61624399712336, 
    3.59477675154682, 3.52186831530198, 3.48385686711648, 3.50846685621332, 
    3.60854784965156, 3.64295339381216, 3.62386338594055, 3.55882608789277, 
    3.51867229952132, 3.53891420750262, 3.68589812473734, 3.70431753793426, 
    3.74976895373651, 3.77230076655113, 3.75703001910139, 3.71440072749805, 
    3.85215761997655, 3.84461773387907, 3.82904399367736, 3.81445584391205, 
    3.82756485329104, 3.8438449880284, 3.79191280344149, 3.77128289386491, 
    3.74057496637648, 3.71478050850439, 3.74057496659819, 3.77128289404559, 
    3.82904399357776, 3.84461773381541, 3.85215761988125, 3.84384498783089, 
    3.8275648529848, 3.81445584367382, 3.74976895195735, 3.70431753581031, 
    3.68589812270217, 3.714400725886, 3.75703001776383, 3.77230076515159, 
    3.60854784747611, 3.53891420513236, 3.51867229735203, 3.55882608622736, 
    3.62386338439428, 3.64295339210458, 3.59477674871981, 3.61624399419415, 
    3.58371794474004, 3.50846685243702, 3.48385686344634, 3.52186831222077, 
    2.94084143817571, 2.90894311438688, 2.97060165380045, 3.08618978857682, 
    3.11325191276977, 3.06015735901039, 3.00977836548108, 2.99386883786249, 
    3.05899736141099, 3.1609755230836, 3.17505517590482, 3.11994727480999, 
    2.82990733805891, 2.75803570313654, 2.63612385724924, 2.61366767714787, 
    2.69774163112156, 2.81113256117699, 2.75803570716211, 2.829907341092, 
    2.811132563732, 2.69774163294624, 2.61366768007544, 2.63612386069404, 
    3.05899735743508, 3.16097551930725, 3.17505517241248, 3.11994727121531, 
    3.00977836163036, 2.99386883382839, 2.82990733386299, 2.75803569910261, 
    2.63612385273211, 2.61366767259434, 2.69774162636306, 2.81113255688698, 
    2.63612385473025, 2.75803570117254, 2.8299073356907, 2.81113255834232, 
    2.69774162755968, 2.61366767405634, 3.0097783632334, 3.11994727309666, 
    3.17505517374158, 3.1609755206402, 3.05899735828153, 2.99386883525182, 
    2.97060165232267, 2.90894311323227, 2.94084143729868, 3.06015735837716, 
    3.11325191189141, 3.08618978747851, 3.58371794419843, 3.61624399366165, 
    3.59477674782223, 3.52186831151937, 3.48385686281036, 3.50846685204722, 
    3.60854784613328, 3.64295339082796, 3.62386338255703, 3.55882608463346, 
    3.51867229580091, 3.53891420401672, 3.68589812153703, 3.70431753511233, 
    3.74976895097958, 3.77230076432702, 3.75703001641713, 3.71440072485043, 
    3.8521576191201, 3.84461773254023, 3.82904399225209, 3.81445584187369, 
    3.82756485180208, 3.84384498665062, 3.79191280163363, 3.77128289151291, 
    3.74057496432901, 3.71478050575604, 3.74057496440724, 3.77128289155391, 
    3.82904399221832, 3.84461773252718, 3.85215761908784, 3.84384498660469, 
    3.82756485169123, 3.8144558418203, 3.74976895027194, 3.70431753411461, 
    3.68589812065336, 3.71440072405832, 3.75703001590384, 3.77230076368046, 
    3.60854784508713, 3.53891420273524, 3.51867229462836, 3.55882608373335, 
    3.62386338186617, 3.64295338994111, 3.59477674652184, 3.61624399231187, 
    3.58371794277901, 3.5084668503841, 3.48385686111259, 3.52186830997292, 
    2.90894311085056, 2.97060165015118, 3.08618978522416, 3.11325190964041, 
    3.06015735595416, 2.94084143479796, 0.829324749822268, 0.719686353737887, 
    0.829324750169392, 0.957414201276656, 1.04507987304047, 
    0.957414200969615, 1.27627149123162, 1.40803971968493, 1.51358653750022, 
    1.4563662285434, 1.32613276581893, 1.20587112141495, 1.5135865384577, 
    1.40803972076972, 1.27627149303911, 1.20587112207766, 1.32613276662738, 
    1.45636622869928, 1.04507987600702, 0.957414204893307, 0.829324754594157, 
    0.719686356648459, 0.829324752096637, 0.957414202494864, 
    1.27627149478415, 1.40803972236866, 1.51358654136619, 1.45636623337298, 
    1.3261327717817, 1.20587112590036, 1.51358655314004, 1.40803973787705, 
    1.27627150701867, 1.20587113710113, 1.3261327789213, 1.45636624385303, 
    1.04507988867353, 0.957414219263204, 0.829324764975279, 
    0.719686369895612, 0.829324762817598, 0.957414216989921, 1.2762715086727, 
    1.40803973958239, 1.51358655598572, 1.45636624871029, 1.3261327836562, 
    1.20587114092256, 1.51358655319684, 1.40803973480565, 1.27627150647983, 
    1.20587113747749, 1.32613278250847, 1.4563662447156, 1.04507988721126, 
    0.957414214549234, 0.829324762185518, 0.719686368197244, 0.8293247645036, 
    0.957414216583879, 1.27627150457475, 1.40803973320339, 1.51358654975237, 
    1.45636624000749, 1.32613277690619, 1.20587113394636, 1.51358654290189, 
    1.40803972445672, 1.27627149654387, 1.20587112747997, 1.3261327725023, 
    1.45636623451286, 1.04507987780354, 0.957414204615115, 0.8293247537153, 
    0.71968635851059, 0.829324755789629, 0.957414206727861, 1.27627149516361, 
    1.4080397231698, 1.5135865406883, 1.45636623078723, 1.3261327684941, 
    1.20587112426236, 1.40803971976829, 1.27627149136335, 1.20587112180345, 
    1.32613276625679, 1.45636622883327, 1.51358653755931, 3.17505517590482, 
    3.16097552308359, 3.05899736141099, 2.99386883786248, 3.00977836548107, 
    3.11994727480998, 2.97060165380045, 2.90894311438687, 2.94084143817571, 
    3.06015735901038, 3.11325191276977, 3.08618978857681, 3.58371794474004, 
    3.61624399419416, 3.59477674871981, 3.52186831222077, 3.48385686344634, 
    3.50846685243703, 3.6085478474761, 3.64295339210458, 3.62386338439427, 
    3.55882608622737, 3.51867229735202, 3.53891420513237, 3.68589812270216, 
    3.70431753581031, 3.74976895195734, 3.77230076515159, 3.75703001776383, 
    3.714400725886, 3.85215761988125, 3.8446177338154, 3.82904399357776, 
    3.81445584367381, 3.82756485298481, 3.84384498783089, 3.7919128034415, 
    3.77128289404559, 3.74057496659821, 3.71478050850439, 3.74057496637649, 
    3.77128289386491, 3.82904399367736, 3.84461773387906, 3.85215761997655, 
    3.8438449880284, 3.82756485329105, 3.81445584391204, 3.74976895373651, 
    3.70431753793427, 3.68589812473734, 3.71440072749807, 3.75703001910139, 
    3.77230076655114, 3.60854784965156, 3.53891420750263, 3.51867229952133, 
    3.55882608789279, 3.62386338594055, 3.64295339381217, 3.59477675154682, 
    3.61624399712337, 3.58371794822061, 3.50846685621333, 3.48385686711648, 
    3.52186831530199, 2.94084144324996, 2.90894311915608, 2.97060165769014, 
    3.08618979269085, 3.11325191718171, 3.06015736421513, 3.00977836813596, 
    2.99386884005566, 3.05899736283132, 3.16097552492229, 3.17505517819786, 
    3.11994727779012, 2.82990734109201, 2.75803570716211, 2.63612386069404, 
    2.61366768007543, 2.69774163294624, 2.81113256373201, 2.75803570313653, 
    2.82990733805891, 2.81113256117699, 2.69774163112156, 2.61366767714787, 
    2.63612385724924, 3.74057496440724, 3.71478050575604, 3.74057496432901, 
    3.77128289151291, 3.79191280163363, 3.7712828915539, 3.82904399225209, 
    3.84461773254023, 3.8521576191201, 3.84384498665062, 3.82756485180208, 
    3.81445584187369, 3.74976895097957, 3.70431753511233, 3.68589812153703, 
    3.71440072485042, 3.75703001641713, 3.77230076432701, 3.60854784613328, 
    3.53891420401671, 3.5186722958009, 3.55882608463346, 3.62386338255703, 
    3.64295339082796, 3.59477674782222, 3.61624399366165, 3.58371794419843, 
    3.50846685204721, 3.48385686281036, 3.52186831151937, 2.94084143729867, 
    2.90894311323226, 2.97060165232266, 3.0861897874785, 3.11325191189141, 
    3.06015735837715, 3.00977836323339, 2.99386883525181, 3.05899735828152, 
    3.1609755206402, 3.17505517374158, 3.11994727309664, 2.82990733569069, 
    2.75803570117252, 2.63612385473025, 2.61366767405633, 2.69774162755968, 
    2.8111325583423, 2.6361238527321, 2.75803569910262, 2.829907333863, 
    2.811132556887, 2.69774162636306, 2.61366767259434, 3.00977836163036, 
    3.11994727121532, 3.17505517241248, 3.16097551930725, 3.05899735743508, 
    2.99386883382839, 2.97060165015119, 2.90894311085058, 2.94084143479797, 
    3.06015735595416, 3.11325190964042, 3.08618978522417, 3.583717942779, 
    3.61624399231187, 3.59477674652184, 3.52186830997292, 3.4838568611126, 
    3.5084668503841, 3.60854784508713, 3.64295338994111, 3.62386338186617, 
    3.55882608373334, 3.51867229462835, 3.53891420273523, 3.68589812065336, 
    3.7043175341146, 3.74976895027195, 3.77230076368046, 3.75703001590384, 
    3.71440072405832, 3.84461773252718, 3.82904399221832, 3.8144558418203, 
    3.82756485169123, 3.84384498660469, 3.85215761908784, 3.51867230681858, 
    3.55882609482331, 3.62386339196214, 3.64295339969012, 3.60854785582946, 
    3.53891421460591, 3.59477675781379, 3.61624400319028, 3.58371795445638, 
    3.50846686334877, 3.48385687456329, 3.52186832248982, 2.94084145333509, 
    2.90894313019809, 2.97060166803225, 3.08618980314812, 3.11325192691397, 
    3.06015737450286, 3.00977837854318, 2.99386885102277, 3.05899737318336, 
    3.16097553510326, 3.17505518797796, 3.11994728818731, 2.82990735187877, 
    2.75803571871458, 2.63612387157793, 2.61366769189825, 2.69774164402701, 
    2.81113257525686, 2.63612386811255, 2.75803571373755, 2.82990734865515, 
    2.81113257199718, 2.69774164234379, 2.6136676881632, 3.00977837562289, 
    3.11994728458699, 3.17505518540039, 3.16097553290413, 3.05899737171443, 
    2.99386884828909, 2.97060166362898, 2.90894312436941, 2.94084144754962, 
    3.06015736820745, 3.11325192172779, 3.08618979814766, 3.58371795056125, 
    3.61624399975918, 3.59477675467844, 3.52186831884396, 3.4838568703685, 
    3.50846685883469, 3.60854785345252, 3.6429533977543, 3.62386339029672, 
    3.55882609292684, 3.51867230442272, 3.53891421185193, 3.68589812755707, 
    3.7043175403825, 3.74976895570274, 3.77230076861619, 3.75703002144123, 
    3.71440073044731, 3.85215762093028, 3.84461773513492, 3.82904399568355, 
    3.81445584604517, 3.82756485512302, 3.84384498917669, 3.79191280667193, 
    3.77128289754252, 3.74057497097852, 3.71478051314172, 3.74057497073431, 
    3.77128289734671, 3.82904399579575, 3.84461773521061, 3.85215762104181, 
    3.84384498940757, 3.82756485546706, 3.81445584631225, 3.70431754280801, 
    3.68589812975883, 3.71440073226354, 3.75703002287439, 3.77230077018087, 
    3.7497689576034, 3.6238633838419, 3.55882608566565, 3.51867229680122, 
    3.53891420454323, 3.60854784690197, 3.64295339161911, 3.68589812208833, 
    3.70431753530002, 3.74976895133279, 3.77230076470937, 3.75703001715803, 
    3.7144007254256, 3.85215761968578, 3.84461773349495, 3.82904399331002, 
    3.8144558432207, 3.82756485267547, 3.84384498745929, 3.79191280314032, 
    3.7712828936652, 3.74057496622281, 3.71478050808158, 3.74057496601206, 
    3.77128289341573, 3.82904399344128, 3.84461773361157, 3.85215761983193, 
    3.84384498780549, 3.82756485306006, 3.81445584359317, 3.74976895293871, 
    3.70431753660344, 3.68589812369588, 3.71440072652904, 3.75703001853086, 
    3.77230076581546, 3.60854784835546, 3.53891420554641, 3.51867229795721, 
    3.55882608649137, 3.62386338504842, 3.64295339261555, 3.59477674977981, 
    3.61624399496551, 3.58371794595683, 3.50846685302161, 3.48385686437887, 
    3.52186831273195, 2.94084143674032, 2.90894311305048, 2.97060165237489, 
    3.08618978786781, 3.11325191197401, 3.06015735845159, 3.0097783640784, 
    2.99386883625511, 3.05899735997717, 3.16097552205816, 3.17505517514038, 
    3.1199472739597, 2.82990733591079, 2.75803570097618, 2.63612385431683, 
    2.61366767409011, 2.69774162810981, 2.81113255888408, 2.63612385444689, 
    2.75803570096113, 2.82990733585776, 2.81113255894476, 2.69774162815067, 
    2.61366767421521, 3.00977836378975, 3.11994727369897, 3.17505517461689, 
    3.16097552195971, 3.05899735965723, 2.99386883624721, 2.97060165209063, 
    2.90894311271201, 2.94084143634347, 3.06015735763346, 3.11325191135367, 
    3.08618978738398, 3.61624399356675, 3.59477674808602, 3.52186831154629, 
    3.48385686272553, 3.50846685160897, 3.5837179439899, 3.51867229680123, 
    3.55882608566566, 3.62386338384191, 3.64295339161911, 3.60854784690197, 
    3.53891420454323, 3.59477674808602, 3.61624399356676, 3.58371794398991, 
    3.50846685160897, 3.48385686272553, 3.52186831154629, 2.94084143634348, 
    2.90894311271201, 2.97060165209063, 3.08618978738399, 3.11325191135367, 
    3.06015735763348, 3.00977836378975, 2.99386883624721, 3.05899735965724, 
    3.16097552195972, 3.17505517461689, 3.11994727369899, 2.82990733585777, 
    2.75803570096114, 2.63612385444689, 2.61366767421522, 2.69774162815068, 
    2.81113255894476, 2.63612385431684, 2.75803570097618, 2.82990733591078, 
    2.81113255888409, 2.69774162810982, 2.61366767409012, 3.0097783640784, 
    3.1199472739597, 3.17505517514038, 3.16097552205816, 3.05899735997718, 
    2.99386883625512, 2.97060165237488, 2.90894311305048, 2.94084143674031, 
    3.06015735845159, 3.113251911974, 3.08618978786781, 3.58371794595682, 
    3.61624399496549, 3.59477674977981, 3.52186831273193, 3.48385686437887, 
    3.5084668530216, 3.60854784835546, 3.64295339261554, 3.62386338504842, 
    3.55882608649137, 3.51867229795721, 3.53891420554639, 3.68589812369588, 
    3.70431753660344, 3.74976895293871, 3.77230076581545, 3.75703001853087, 
    3.71440072652904, 3.85215761983192, 3.84461773361157, 3.82904399344129, 
    3.81445584359317, 3.82756485306006, 3.84384498780549, 3.79191280314032, 
    3.77128289341573, 3.74057496601206, 3.71478050808159, 3.74057496622281, 
    3.7712828936652, 3.82904399331002, 3.84461773349495, 3.85215761968578, 
    3.84384498745929, 3.82756485267547, 3.8144558432207, 3.70431753530002, 
    3.68589812208834, 3.7144007254256, 3.75703001715803, 3.77230076470937, 
    3.74976895133279, 0.829324750169394, 0.71968635373788, 0.829324749822264, 
    0.957414200969637, 1.04507987304049, 0.957414201276675, 1.27627149136335, 
    1.4080397197683, 1.51358653755931, 1.45636622883328, 1.3261327662568, 
    1.20587112180346, 1.5135865406883, 1.40803972316978, 1.27627149516361, 
    1.20587112426234, 1.3261327684941, 1.45636623078722, 1.04507987780355, 
    0.957414206727851, 0.829324755789636, 0.719686358510584, 
    0.829324753715309, 0.957414204615115, 1.27627149654387, 1.40803972445672, 
    1.5135865429019, 1.45636623451286, 1.32613277250231, 1.20587112747998, 
    1.51358654975237, 1.40803973320338, 1.27627150457475, 1.20587113394636, 
    1.32613277690619, 1.45636624000748, 1.04507988721126, 0.957414216583866, 
    0.829324764503594, 0.719686368197235, 0.829324762185524, 
    0.957414214549229, 1.27627150647983, 1.40803973480564, 1.51358655319684, 
    1.45636624471558, 1.32613278250847, 1.20587113747747, 1.51358655598572, 
    1.40803973958239, 1.2762715086727, 1.20587114092257, 1.32613278365619, 
    1.45636624871029, 1.04507988867352, 0.957414216989908, 0.829324762817598, 
    0.719686369895601, 0.829324764975269, 0.957414219263202, 
    1.27627150701867, 1.40803973787704, 1.51358655314004, 1.45636624385303, 
    1.32613277892131, 1.20587113710114, 1.51358654136616, 1.40803972236866, 
    1.27627149478413, 1.20587112590037, 1.3261327717817, 1.45636623337298, 
    1.045079876007, 0.957414202494867, 0.829324752096628, 0.719686356648451, 
    0.829324754594135, 0.957414204893297, 1.27627149303908, 1.40803972076972, 
    1.51358653845769, 1.45636622869928, 1.32613276662738, 1.20587112207765, 
    1.40803971968494, 1.27627149123163, 1.20587112141496, 1.32613276581896, 
    1.4563662285434, 1.51358653750022, 3.51867230530465, 3.55882609310292, 
    3.62386339067989, 3.64295339853009, 3.60854785484376, 3.53891421325143, 
    3.59477675710285, 3.61624400257861, 3.58371795398677, 3.50846686266358, 
    3.48385687373568, 3.52186832148399, 2.94084145141462, 2.90894312732319, 
    2.97060166536041, 3.0861898005471, 3.11325192510552, 3.06015737263463, 
    3.00977837515217, 2.99386884646424, 3.05899736912919, 3.16097553114405, 
    3.1750551849751, 3.11994728488167, 2.82990734810756, 2.75803571461202, 
    2.63612386749075, 2.61366768638992, 2.69774163895515, 2.81113257017222, 
    2.63612385851353, 2.75803570508642, 2.82990733988544, 2.81113256429108, 
    2.69774163377649, 2.61366767963183, 3.00977836776533, 3.11994727781453, 
    3.17505517852964, 3.16097552690989, 3.05899736478825, 2.99386884143827, 
    2.97060165508268, 2.90894311601725, 2.94084143858907, 3.06015736050123, 
    3.11325191378591, 3.08618979079264, 3.58371794676065, 3.61624399590161, 
    3.59477675095128, 3.5218683140611, 3.48385686560797, 3.50846685392672, 
    3.60854784994205, 3.64295339436361, 3.62386338712135, 3.55882608885917, 
    3.5186723001745, 3.53891420735824, 3.68589812482293, 3.70431753752687, 
    3.74976895372371, 3.77230076667804, 3.7570300196041, 3.71440072778249, 
    3.85215762056045, 3.84461773471831, 3.82904399494469, 3.81445584521316, 
    3.82756485425672, 3.84384498871125, 3.79191280555792, 3.771282896499, 
    3.74057496950739, 3.71478051155035, 3.7405749689668, 3.77128289612978, 
    3.82904399516701, 3.84461773483012, 3.85215762076234, 3.84384498906083, 
    3.82756485493774, 3.81445584566869, 3.70431754228365, 3.68589812913556, 
    3.71440073152898, 3.75703002232892, 3.77230076974821, 3.74976895722169, 
    3.62386339067989, 3.55882609310293, 3.51867230530466, 3.53891421325144, 
    3.60854785484375, 3.64295339853008, 3.68589812913556, 3.70431754228365, 
    3.74976895722168, 3.77230076974821, 3.75703002232892, 3.71440073152898, 
    3.85215762076234, 3.84461773483012, 3.82904399516701, 3.8144558456687, 
    3.82756485493774, 3.84384498906083, 3.79191280555792, 3.77128289612979, 
    3.7405749689668, 3.71478051155035, 3.74057496950739, 3.77128289649901, 
    3.8290439949447, 3.84461773471831, 3.85215762056045, 3.84384498871125, 
    3.82756485425673, 3.81445584521317, 3.74976895372371, 3.70431753752687, 
    3.68589812482294, 3.71440072778249, 3.7570300196041, 3.77230076667804, 
    3.60854784994206, 3.53891420735824, 3.51867230017451, 3.55882608885918, 
    3.62386338712136, 3.64295339436362, 3.59477675095128, 3.61624399590161, 
    3.58371794676065, 3.50846685392671, 3.48385686560797, 3.5218683140611, 
    2.94084143858907, 2.90894311601726, 2.97060165508268, 3.08618979079265, 
    3.11325191378591, 3.06015736050124, 3.00977836776534, 2.99386884143828, 
    3.05899736478827, 3.1609755269099, 3.17505517852965, 3.11994727781455, 
    2.82990733988545, 2.75803570508643, 2.63612385851352, 2.61366767963184, 
    2.69774163377649, 2.8111325642911, 2.63612386749076, 2.75803571461203, 
    2.82990734810755, 2.81113257017222, 2.69774163895516, 2.61366768638993, 
    3.00977837515218, 3.11994728488168, 3.1750551849751, 3.16097553114405, 
    3.0589973691292, 2.99386884646425, 2.97060166536041, 2.90894312732319, 
    2.94084145141462, 3.06015737263463, 3.11325192510551, 3.0861898005471, 
    3.61624400257861, 3.59477675710285, 3.52186832148399, 3.48385687373568, 
    3.50846686266358, 3.58371795398677, 3.62386339196214, 3.55882609482331, 
    3.51867230681857, 3.5389142146059, 3.60854785582946, 3.64295339969012, 
    3.68589812975883, 3.70431754280801, 3.7497689576034, 3.77230077018087, 
    3.75703002287439, 3.71440073226354, 3.85215762104181, 3.84461773521062, 
    3.82904399579574, 3.81445584631225, 3.82756485546705, 3.84384498940757, 
    3.79191280667193, 3.77128289734671, 3.74057497073431, 3.71478051314172, 
    3.74057497097852, 3.77128289754252, 3.82904399568355, 3.84461773513492, 
    3.85215762093028, 3.84384498917669, 3.82756485512302, 3.81445584604517, 
    3.74976895570274, 3.7043175403825, 3.68589812755708, 3.71440073044731, 
    3.75703002144123, 3.77230076861619, 3.60854785345253, 3.53891421185193, 
    3.51867230442274, 3.55882609292684, 3.62386339029672, 3.6429533977543, 
    3.59477675467844, 3.61624399975918, 3.58371795056126, 3.50846685883469, 
    3.48385687036851, 3.52186831884397, 2.94084144754963, 2.90894312436943, 
    2.97060166362898, 3.08618979814767, 3.1132519217278, 3.06015736820747, 
    3.0097783756229, 2.9938688482891, 3.05899737171444, 3.16097553290414, 
    3.17505518540039, 3.11994728458699, 2.82990734865515, 2.75803571373757, 
    2.63612386811256, 2.61366768816322, 2.6977416423438, 2.8111325719972, 
    2.63612387157793, 2.75803571871459, 2.82990735187878, 2.81113257525687, 
    2.69774164402702, 2.61366769189824, 3.00977837854319, 3.11994728818731, 
    3.17505518797796, 3.16097553510325, 3.05899737318337, 2.99386885102277, 
    2.97060166803226, 2.90894313019808, 2.94084145333509, 3.06015737450286, 
    3.11325192691397, 3.08618980314813, 3.61624400319029, 3.59477675781379, 
    3.52186832248982, 3.48385687456328, 3.50846686334877, 3.58371795445638, 
    3.80788075066933, 3.793359430218, 3.80935514961242, 3.83281418047548, 
    3.84205468437419, 3.83178045932269, 3.75630308120772, 3.73671407998881, 
    3.6873827382772, 3.66288489121358, 3.68738273866529, 3.73671408030886, 
    3.83178045917173, 3.84205468411383, 3.83281418003925, 3.8093551489737, 
    3.79335942975339, 3.80788075045042, 2.27781169371947, 2.35355625792149, 
    2.29919933349799, 2.16556407711254, 2.07741510386896, 2.14206673667462, 
    2.47890799981366, 2.5433708395083, 2.67586026364294, 2.7303060630097, 
    2.67586026267281, 2.54337083843576, 2.35355626028493, 2.27781169484832, 
    2.14206673797471, 2.07741510630394, 2.16556408100954, 2.29919933687183, 
    3.73671407846663, 3.75630307940097, 3.73671407836399, 3.68738273582522, 
    3.66288488872016, 3.6873827359458, 3.79335942881371, 3.80788074939396, 
    3.83178045860985, 3.84205468362, 3.83281417958652, 3.80935514809748, 
    3.83178045866981, 3.80788074946883, 3.793359428979, 3.80935514832405, 
    3.8328141797671, 3.84205468371904, 3.80788074832992, 3.83178045753363, 
    3.84205468286234, 3.83281417846865, 3.80935514701321, 3.79335942734603, 
    3.83178045763168, 3.80788074840196, 3.79335942757774, 3.80935514723929, 
    3.83281417876637, 3.84205468298099, 3.73671407681723, 3.75630307816502, 
    3.73671407670314, 3.68738273458223, 3.66288488699152, 3.68738273464747, 
    2.27781168468752, 2.35355624971977, 2.29919932524649, 2.16556406900792, 
    2.07741509487063, 2.14206672772056, 2.54337083020097, 2.47890799077767, 
    2.54337083048016, 2.67586025464235, 2.73030605480022, 2.67586025443279, 
    2.35355625050973, 2.2778116851111, 2.14206672824714, 2.07741509602769, 
    2.16556407062235, 2.29919932655198, 3.75630308447383, 3.73671408351201, 
    3.68738274269091, 3.66288489561696, 3.68738274275124, 3.73671408355243, 
    3.79335943233127, 3.80788075280813, 3.83178046073998, 3.84205468551873, 
    3.8328141816563, 3.8093551514171, 3.83178046075959, 3.80788075283164, 
    3.79335943239049, 3.80935515149345, 3.83281418171944, 3.84205468554513, 
    3.80788074787498, 3.83178045717735, 3.84205468265246, 3.83281417831282, 
    3.80935514676775, 3.79335942695681, 3.83178045708815, 3.80788074775654, 
    3.79335942669308, 3.80935514642365, 3.83281417805311, 3.84205468250755, 
    3.73671407601969, 3.68738273376602, 3.66288488597554, 3.68738273356469, 
    3.73671407584276, 3.75630307741336, 2.27781168194595, 2.35355624725223, 
    2.29919932326004, 2.16556406678664, 2.07741509233704, 2.14206672464747, 
    2.54337082758285, 2.47890798793938, 2.54337082725197, 2.6758602517937, 
    2.7303060521297, 2.67586025212544, 2.35355624667329, 2.27781168170246, 
    2.14206672440549, 2.07741509198883, 2.16556406611879, 2.29919932257358, 
    2.27781168284262, 2.14206672539865, 2.07741509274297, 2.16556406687647, 
    2.29919932348106, 2.35355624761155, 2.14206672623215, 2.27781168362573, 
    2.3535562489834, 2.29919932583701, 2.16556406939985, 2.07741509459602, 
    2.54337082892105, 2.47890798945701, 2.54337082836692, 2.67586025344429, 
    2.73030605344056, 2.67586025401124, 2.54337084690776, 2.47890800846272, 
    2.5433708462933, 2.67586027161076, 2.73030607102055, 2.67586027222717, 
    2.35355626523264, 2.27781170199606, 2.14206674320176, 2.07741511130966, 
    2.16556408348771, 2.29919934142396, 2.35355626673157, 2.29919934411479, 
    2.16556408615858, 2.07741511345627, 2.14206674410725, 2.27781170290775, 
    3.75630307940099, 3.73671407846663, 3.68738273594581, 3.66288488872017, 
    3.68738273582524, 3.73671407836399, 3.80788074946884, 3.83178045866981, 
    3.84205468371904, 3.8328141797671, 3.80935514832406, 3.793359428979, 
    3.79335942881371, 3.80935514809749, 3.83281417958652, 3.84205468362001, 
    3.83178045860986, 3.80788074939397, 3.75630307816503, 3.73671407681723, 
    3.68738273464747, 3.66288488699152, 3.68738273458223, 3.73671407670314, 
    3.80788074840196, 3.83178045763168, 3.84205468298099, 3.83281417876637, 
    3.80935514723929, 3.79335942757774, 3.83178045753363, 3.80788074832992, 
    3.79335942734603, 3.80935514701322, 3.83281417846865, 3.84205468286235, 
    3.793359430218, 3.80788075066933, 3.83178045932269, 3.84205468437419, 
    3.83281418047548, 3.80935514961242, 3.83178045917173, 3.80788075045042, 
    3.79335942975339, 3.8093551489737, 3.83281418003925, 3.84205468411383, 
    3.7367140799888, 3.75630308120773, 3.73671408030886, 3.68738273866529, 
    3.66288489121358, 3.6873827382772, 2.27781169484829, 2.35355626028491, 
    2.29919933687181, 2.16556408100954, 2.07741510630392, 2.14206673797472, 
    2.54337083950829, 2.47890799981363, 2.54337083843575, 2.6758602626728, 
    2.7303060630097, 2.67586026364293, 2.35355625792149, 2.27781169371944, 
    2.14206673667463, 2.07741510386894, 2.16556407711255, 2.29919933349798, 
    2.35355624971976, 2.27781168468751, 2.14206672772055, 2.07741509487061, 
    2.16556406900791, 2.29919932524647, 2.27781168511109, 2.35355625050974, 
    2.29919932655197, 2.16556407062236, 2.07741509602769, 2.14206672824714, 
    2.54337083020097, 2.67586025443278, 2.73030605480022, 2.67586025464233, 
    2.54337083048016, 2.47890799077766, 3.80788075283164, 3.83178046075959, 
    3.84205468554513, 3.83281418171944, 3.80935515149345, 3.79335943239049, 
    3.80788075280813, 3.79335943233126, 3.8093551514171, 3.8328141816563, 
    3.84205468551873, 3.83178046073998, 3.73671408351201, 3.75630308447383, 
    3.73671408355242, 3.68738274275125, 3.66288489561696, 3.6873827426909, 
    2.35355624725224, 2.27781168194597, 2.14206672464747, 2.07741509233704, 
    2.16556406678664, 2.29919932326005, 2.27781168170248, 2.3535562466733, 
    2.2991993225736, 2.16556406611881, 2.07741509198885, 2.1420667244055, 
    2.54337082758287, 2.67586025212545, 2.73030605212971, 2.67586025179371, 
    2.54337082725199, 2.47890798793941, 3.83178045717735, 3.80788074787498, 
    3.79335942695681, 3.80935514676775, 3.83281417831282, 3.84205468265246, 
    3.73671407601969, 3.75630307741336, 3.73671407584277, 3.68738273356468, 
    3.66288488597554, 3.68738273376602, 3.83178045708815, 3.84205468250755, 
    3.83281417805311, 3.80935514642365, 3.79335942669308, 3.80788074775654, 
    2.27781170199606, 2.35355626523265, 2.29919934142398, 2.16556408348772, 
    2.07741511130968, 2.14206674320177, 2.47890800846272, 2.54337084690776, 
    2.67586027222717, 2.73030607102056, 2.67586027161076, 2.5433708462933, 
    2.35355626673158, 2.27781170290776, 2.14206674410724, 2.07741511345628, 
    2.16556408615858, 2.2991993441148, 2.27781168362574, 2.14206672623214, 
    2.07741509459602, 2.16556406939983, 2.29919932583703, 2.3535562489834, 
    2.14206672539864, 2.27781168284262, 2.35355624761154, 2.29919932348108, 
    2.16556406687647, 2.07741509274298, 2.54337082892103, 2.67586025401125, 
    2.73030605344055, 2.67586025344429, 2.54337082836691, 2.47890798945702, 
    3.56582381262452, 3.49179372077245, 3.35098504543044, 3.35098504600089, 
    3.49179372147866, 3.49179371820619, 3.5658238094764, 3.49179371789595, 
    3.35098504184857, 3.35098504242207, 0.27021038919352, 0.270210381080679, 
    0.270210376352625, 0.270210379799991, 0.270210389398549, 
    3.49179372147868, 3.35098504600089, 3.35098504543044, 3.49179372077246, 
    3.56582381262451, 3.49179371789595, 3.5658238094764, 3.49179371820619, 
    3.35098504242206, 3.35098504184857, 3.49179372913151, 3.35098505489057, 
    3.35098505425721, 3.49179372833768, 3.56582381947488, 3.35098504458005, 
    3.49179372001333, 3.56582381207765, 3.49179372042905, 3.35098504457686, 
    3.49179372042905, 3.56582381207766, 3.49179372001333, 3.35098504458005, 
    3.35098504457686, 0.27021038939853, 0.270210379800009, 0.270210376352618, 
    0.270210381080673, 0.270210389193507, 3.49179372435823, 3.56582381677044, 
    3.49179372630058, 3.3509850510875, 3.35098504989944, 3.49179372630059, 
    3.56582381677044, 3.49179372435824, 3.35098504989946, 3.3509850510875, 
    3.35098505425721, 3.35098505489056, 3.49179372913152, 3.56582381947489, 
    3.49179372833769, 3.19535085205332, 3.07668323326383, 3.19535085352684, 
    3.37359787129475, 3.46244566403506, 3.37359787006572, 3.84736470560324, 
    3.85625299887573, 3.85830508739538, 3.84736470580818, 3.85625299898753, 
    3.85830508731231, 3.85830508724626, 3.85625299905455, 3.84736470599368, 
    3.8583050875722, 3.85625299862475, 3.84736470530559, 3.37359786470753, 
    3.19535084579305, 3.46244565827196, 3.37359786459013, 3.19535084565499, 
    3.07668322603769, 2.26471331729362, 2.0537377418623, 1.79512453701271, 
    1.7951245390242, 2.05373774457892, 2.264713318928, 3.84736470479973, 
    3.85625299829885, 3.85830508781515, 3.84736470699574, 3.8562529996109, 
    3.85830508681783, 3.85830508677252, 3.85625299968159, 3.84736470714796, 
    3.85830508792246, 3.8562529981672, 3.84736470458645, 3.37359786276103, 
    3.46244565686712, 3.37359786333627, 3.1953508442598, 3.07668322389714, 
    3.19535084354769, 2.26471331183879, 2.0537377360699, 1.79512453087718, 
    1.7951245314102, 2.05373773758979, 2.26471331239681, 2.26471332332703, 
    2.05373774888787, 1.79512454228193, 1.79512453798091, 2.05373774273307, 
    2.26471331979257, 1.79512454988451, 1.79512454734629, 2.05373775476819, 
    2.2647133307081, 2.26471332835024, 2.05373775305884, 1.7951245306023, 
    2.0537377365977, 2.26471331244287, 2.26471331230658, 2.05373773648767, 
    1.79512453038448, 3.84736470530559, 3.85830508724626, 3.85625299862475, 
    3.8583050875722, 3.84736470599368, 3.85625299905455, 3.85830508739538, 
    3.84736470580818, 3.85625299887573, 3.84736470560324, 3.85830508731231, 
    3.85625299898753, 3.19535085352682, 3.07668323326383, 3.1953508520533, 
    3.37359787006572, 3.46244566403506, 3.37359787129476, 2.264713318928, 
    2.05373774457893, 1.79512453902421, 1.79512453701272, 2.05373774186231, 
    2.26471331729362, 3.19535084579303, 3.07668322603768, 3.19535084565498, 
    3.37359786459013, 3.46244565827196, 3.37359786470753, 3.85830508681783, 
    3.8562529996109, 3.84736470699574, 3.85830508781515, 3.85625299829884, 
    3.84736470479973, 1.79512453087719, 2.0537377360699, 2.2647133118388, 
    2.2647133123968, 2.05373773758979, 1.79512453141019, 3.37359786333627, 
    3.46244565686712, 3.37359786276104, 3.1953508435477, 3.07668322389715, 
    3.1953508442598, 3.84736470458645, 3.85830508677252, 3.8562529981672, 
    3.85830508792246, 3.84736470714795, 3.85625299968159, 3.19535086027984, 
    3.07668324119428, 3.19535086082623, 3.37359787765526, 3.46244567038539, 
    3.37359787730248, 2.2647133307081, 2.05373775476817, 1.79512454988451, 
    1.79512454734627, 2.05373775305883, 2.26471332835022, 3.84736470659195, 
    3.85830508775007, 3.85625299931045, 3.8583050870498, 3.84736470503321, 
    3.85625299838543, 3.1953508468231, 3.07668322562571, 3.19535084617094, 
    3.37359786505137, 3.46244565973068, 3.37359786545367, 1.79512453038448, 
    2.05373773648765, 2.26471331230659, 2.26471331244288, 2.0537377365977, 
    1.7951245306023, 3.19535084617094, 3.0766832256257, 3.1953508468231, 
    3.37359786545366, 3.46244565973068, 3.37359786505135, 3.85625299838543, 
    3.84736470503321, 3.8583050870498, 3.85625299931045, 3.84736470659195, 
    3.85830508775007, 1.79512454228193, 2.05373774888787, 2.26471332332703, 
    2.26471331979257, 2.05373774273307, 1.79512453798092, 3.37359787730248, 
    3.19535086027983, 3.46244567038539, 3.37359787765525, 3.19535086082623, 
    3.07668324119428, 3.49962488067984, 3.43713675798983, 3.2772942422533, 
    3.14070016124613, 3.22380484984836, 3.39577856947789, 3.65861887353402, 
    3.69666641030478, 3.77954577861335, 3.81231167451188, 3.79051717653684, 
    3.71291500127558, 3.71291500077803, 3.79051717621703, 3.81231167402121, 
    3.77954577760484, 3.69666640880429, 3.65861887241131, 3.14070015788068, 
    3.27729423978309, 3.43713675573172, 3.49962487776198, 3.39577856561065, 
    3.22380484540448, 3.05128051322848, 2.88592335054783, 2.68698336414128, 
    2.68698336541731, 2.88592335215934, 3.05128051414338, 3.0512805090478, 
    2.88592334617744, 2.68698335936481, 2.6869833600004, 2.88592334721774, 
    3.05128050974972, 3.49962487671691, 3.43713675423585, 3.27729423807334, 
    3.14070015643117, 3.22380484474151, 3.3957785650321, 3.79051717462295, 
    3.71291499836736, 3.65861887072152, 3.69666640720477, 3.77954577649199, 
    3.8123116724299, 3.69666640659036, 3.65861887018596, 3.71291499823603, 
    3.79051717450862, 3.81231167229886, 3.77954577603718, 3.43713675297417, 
    3.49962487520551, 3.39577856316439, 3.22380484250529, 3.14070015453916, 
    3.27729423642931, 0.77165547598209, 1.07623094619881, 1.29180705383508, 
    1.29180705371894, 1.07623094762527, 0.771655476539705, 0.771655482204467, 
    1.07623095174485, 1.29180706091197, 1.29180706584451, 1.07623095935429, 
    0.771655488096443, 0.771655493061666, 1.07623096303874, 1.29180707275934, 
    1.29180707050859, 1.07623096220338, 0.771655491577014, 0.77165548712907, 
    1.07623095806281, 1.29180706380607, 1.2918070612426, 1.07623095277605, 
    0.771655483333819, 0.771655478205974, 0.771655476779375, 
    1.07623094945772, 1.29180705531781, 1.29180705463828, 1.07623094668678, 
    3.27729423978309, 3.14070015788068, 3.22380484540448, 3.39577856561065, 
    3.49962487776198, 3.43713675573173, 3.65861887241132, 3.69666640880429, 
    3.77954577760484, 3.81231167402121, 3.79051717621703, 3.71291500077803, 
    3.69666641030478, 3.65861887353403, 3.71291500127557, 3.79051717653685, 
    3.81231167451188, 3.77954577861336, 3.43713675798985, 3.49962488067984, 
    3.3957785694779, 3.22380484984836, 3.14070016124615, 3.2772942422533, 
    3.05128051414338, 2.88592335215934, 2.68698336541731, 2.68698336414127, 
    2.88592335054783, 3.05128051322848, 3.71291499836736, 3.79051717462295, 
    3.8123116724299, 3.77954577649199, 3.69666640720476, 3.65861887072152, 
    3.43713675423583, 3.49962487671691, 3.3957785650321, 3.22380484474149, 
    3.14070015643116, 3.27729423807334, 2.88592334617744, 3.05128050904779, 
    3.05128050974972, 2.88592334721774, 2.68698336000039, 2.68698335936481, 
    3.49962487520551, 3.43713675297416, 3.27729423642931, 3.14070015453917, 
    3.22380484250529, 3.3957785631644, 3.65861887018596, 3.69666640659035, 
    3.77954577603718, 3.81231167229886, 3.79051717450862, 3.71291499823603, 
    3.43713676607313, 3.49962488811077, 3.39577857766595, 3.22380485941718, 
    3.14070017107195, 3.27729425170688, 3.05128052482442, 2.88592336299732, 
    2.68698337712499, 2.68698337528081, 2.88592336141154, 3.05128052362768, 
    3.27729424882958, 3.14070016717738, 3.22380485410074, 3.39577857302032, 
    3.49962488482424, 3.43713676345293, 3.65861887797203, 3.69666641359204, 
    3.77954578099049, 3.81231167644173, 3.79051717945454, 3.71291500542055, 
    3.71291500595043, 3.79051717980798, 3.81231167698461, 3.77954578211128, 
    3.69666641520302, 3.65861887922611, 3.79051717588132, 3.71291500028723, 
    3.65861887194212, 3.69666640821601, 3.77954577718953, 3.81231167350748, 
    3.69666640957692, 3.65861887271224, 3.71291500086573, 3.79051717623123, 
    3.81231167422142, 3.77954577809428, 3.43713675581096, 3.49962487854547, 
    3.39577856581431, 3.22380484540421, 3.14070015711114, 3.27729423946488, 
    2.88592334824201, 3.05128051151309, 3.0512805114258, 2.88592334836884, 
    2.68698336090578, 2.68698336098713, 3.27729423901026, 3.14070015657375, 
    3.22380484442033, 3.39577856469585, 3.49962487716159, 3.43713675500253, 
    3.14070015657376, 3.27729423901026, 3.43713675500254, 3.49962487716159, 
    3.39577856469585, 3.22380484442034, 3.05128051151309, 2.88592334824202, 
    2.68698336098714, 2.6869833609058, 2.88592334836885, 3.05128051142581, 
    3.49962487854547, 3.43713675581094, 3.27729423946488, 3.14070015711113, 
    3.22380484540421, 3.39577856581429, 3.65861887271223, 3.69666640957692, 
    3.77954577809428, 3.81231167422143, 3.79051717623123, 3.71291500086573, 
    3.71291500028723, 3.79051717588132, 3.81231167350748, 3.77954577718954, 
    3.69666640821602, 3.65861887194212, 0.771655476779391, 1.07623094668678, 
    1.2918070546383, 1.2918070553178, 1.07623094945772, 0.771655478205971, 
    0.771655483333827, 1.07623095277605, 1.2918070612426, 1.29180706380607, 
    1.07623095806282, 0.77165548712907, 0.771655491576999, 1.07623096220337, 
    1.29180707050858, 1.29180707275935, 1.07623096303872, 0.771655493061662, 
    0.771655488096436, 1.07623095935428, 1.29180706584451, 1.29180706091197, 
    1.07623095174483, 0.771655482204467, 0.771655476539703, 1.07623094762526, 
    1.29180705371894, 1.2918070538351, 1.07623094619881, 0.771655475982092, 
    3.43713676411029, 3.49962488695124, 3.39577857655324, 3.22380485775483, 
    3.14070016865676, 3.27729424892005, 2.88592335363144, 3.05128051782405, 
    3.05128051957792, 2.88592335841908, 2.68698337060877, 2.68698336799196, 
    3.49962488024322, 3.43713675823407, 3.27729424299861, 3.14070015965667, 
    3.22380484741502, 3.39577856710617, 3.65861887496794, 3.69666641108682, 
    3.77954577923313, 3.8123116754869, 3.7905171781339, 3.71291500353373, 
    3.71291500461778, 3.65861887776378, 3.79051717887979, 3.81231167643212, 
    3.77954578151993, 3.6966664143527, 3.65861887776378, 3.6966664143527, 
    3.77954578151993, 3.81231167643212, 3.79051717887978, 3.71291500461778, 
    3.71291500353374, 3.7905171781339, 3.81231167548691, 3.77954577923312, 
    3.69666641108682, 3.65861887496794, 3.43713675823408, 3.49962488024323, 
    3.39577856710617, 3.22380484741503, 3.14070015965667, 3.27729424299862, 
    3.05128051782406, 2.88592335363145, 2.68698336799197, 2.68698337060877, 
    2.88592335841909, 3.05128051957793, 3.27729424892005, 3.43713676411029, 
    3.14070016865677, 3.22380485775483, 3.39577857655324, 3.49962488695124, 
    3.79051717980798, 3.71291500595043, 3.65861887922611, 3.69666641520302, 
    3.77954578211128, 3.81231167698461, 3.69666641359205, 3.65861887797203, 
    3.71291500542055, 3.79051717945454, 3.81231167644173, 3.77954578099048, 
    3.14070016717738, 3.2772942488296, 3.43713676345293, 3.49962488482424, 
    3.39577857302032, 3.22380485410075, 2.88592336299733, 3.05128052482443, 
    3.0512805236277, 2.88592336141155, 2.68698337528083, 2.686983377125, 
    3.2772942517069, 3.43713676607314, 3.14070017107196, 3.22380485941718, 
    3.39577857766596, 3.49962488811077, 3.60710580370843, 3.67635828474096, 
    3.76574272955737, 3.79577624852149, 3.7574028163651, 3.6644417983105, 
    3.79577624763033, 3.7574028157606, 3.76574272789331, 3.6763582824941, 
    3.60710580188714, 3.66444179750507, 2.88150376323689, 2.78666042350304, 
    2.55573223277098, 2.38227207627246, 2.48760942421827, 2.73664139789877, 
    2.38227208099292, 2.48760942630927, 2.55573223893605, 2.78666042924593, 
    2.88150376677042, 2.73664139983553, 3.76574272689076, 3.67635828108227, 
    3.60710579922893, 3.66444179533085, 3.75740281419147, 3.79577624688206, 
    3.85454389952957, 3.84162713047746, 3.85934573156789, 3.85247873751497, 
    3.859345731605, 3.85454389946519, 3.85454389979809, 3.84162713106653, 
    3.85934573142924, 3.85247873734865, 3.85934573150589, 3.8545438996606, 
    3.85934573183683, 3.85247873823256, 3.859345731896, 3.85454389888442, 
    3.84162712973063, 3.85454389900258, 3.66444179380486, 3.75740281310853, 
    3.60710579835928, 3.67635827990139, 3.76574272607734, 3.79577624582888, 
    3.66444179558235, 3.75740281438795, 3.60710579982856, 3.67635828188469, 
    3.76574272751114, 3.79577624721842, 2.88150375660528, 2.78666041752384, 
    2.55573222606169, 2.38227206890193, 2.48760941595645, 2.73664139047317, 
    2.3822720705657, 2.48760941657267, 2.55573222819302, 2.78666041906537, 
    2.88150375726034, 2.73664139087425, 3.79577624534713, 3.75740281296004, 
    3.76574272552478, 3.67635827912559, 3.60710579807384, 3.66444179359528, 
    1.94256929533975, 2.06419703422539, 1.64625341329628, 1.49258032362887, 
    1.64625341618252, 1.94256929819578, 1.94256928652913, 2.06419702451545, 
    1.64625340375581, 1.49258031377706, 1.64625340573984, 1.94256928791764, 
    3.7657427313086, 3.67635828714392, 3.60710580747812, 3.66444180217202, 
    3.75740281922419, 3.79577625024055, 3.85454390039865, 3.84162713238925, 
    3.85934573111434, 3.85247873669336, 3.8593457311224, 3.85454390037747, 
    3.66444180228992, 3.75740281930348, 3.60710580786064, 3.67635828756557, 
    3.76574273159901, 3.79577625037159, 3.85934573200796, 3.85247873855185, 
    3.85934573196111, 3.85454389875805, 3.84162712938197, 3.8545438986714, 
    3.6644417924823, 3.75740281213609, 3.60710579668096, 3.67635827805925, 
    3.76574272474145, 3.79577624472912, 3.79577624523555, 3.75740281245502, 
    3.76574272559159, 3.67635827923429, 3.60710579757978, 3.66444179291844, 
    2.88150375540616, 2.78666041686582, 2.55573222538432, 2.38227206724844, 
    2.48760941375912, 2.73664138838674, 2.38227206619357, 2.48760941318099, 
    2.55573222394602, 2.78666041513284, 2.88150375406378, 2.7366413877045, 
    1.94256928368544, 2.06419702117996, 1.64625340097009, 1.49258030946353, 
    1.64625340095025, 1.94256928336294, 1.64625340403913, 1.49258031157361, 
    1.64625340140512, 1.94256928417001, 2.06419702248973, 1.9425692861929, 
    2.73664138992618, 2.48760941579546, 2.88150375806085, 2.78666041976306, 
    2.5557322293941, 2.3822720699552, 2.55573224014291, 2.78666043118354, 
    2.88150377196666, 2.7366414061738, 2.48760943289103, 2.38227208328737, 
    1.94256930302161, 2.06419704184882, 1.64625342168003, 1.49258032708336, 
    1.64625341877086, 1.94256930089721, 2.73664140715473, 2.48760943439797, 
    2.88150377390757, 2.78666043406952, 2.55573224445283, 2.38227208623046, 
    2.3822720671636, 2.48760941446217, 2.55573222531352, 2.7866604169237, 
    2.8815037561134, 2.73664138903275, 3.76574272751114, 3.79577624721842, 
    3.67635828188469, 3.60710579982857, 3.66444179558235, 3.75740281438796, 
    3.85454389946519, 3.84162713047747, 3.859345731605, 3.85247873751497, 
    3.85934573156789, 3.85454389952957, 3.76574272607734, 3.67635827990139, 
    3.60710579835928, 3.66444179380487, 3.75740281310853, 3.79577624582888, 
    3.85454389888442, 3.84162712973063, 3.859345731896, 3.85247873823256, 
    3.85934573183683, 3.85454389900258, 3.85934573150589, 3.85247873734865, 
    3.85934573142924, 3.85454389979809, 3.84162713106653, 3.8545438996606, 
    3.66444179750507, 3.7574028157606, 3.60710580188714, 3.6763582824941, 
    3.76574272789332, 3.79577624763033, 3.66444179533086, 3.75740281419148, 
    3.60710579922895, 3.67635828108227, 3.76574272689076, 3.79577624688206, 
    2.73664139983553, 2.48760942630926, 2.8815037667704, 2.78666042924592, 
    2.55573223893604, 2.38227208099292, 2.38227207627247, 2.48760942421826, 
    2.55573223277098, 2.78666042350305, 2.88150376323689, 2.73664139789877, 
    3.79577624852149, 3.7574028163651, 3.76574272955737, 3.67635828474096, 
    3.60710580370842, 3.6644417983105, 1.64625340573983, 1.49258031377706, 
    1.64625340375579, 1.94256928652912, 2.06419702451544, 1.94256928791765, 
    2.73664139087425, 2.48760941657266, 2.88150375726033, 2.78666041906536, 
    2.55573222819301, 2.38227207056571, 1.94256929819578, 2.06419703422538, 
    1.64625341618251, 1.49258032362887, 1.64625341329627, 1.94256929533975, 
    3.66444179359528, 3.75740281296004, 3.60710579807383, 3.67635827912559, 
    3.76574272552478, 3.79577624534713, 2.38227206890191, 2.48760941595643, 
    2.55573222606167, 2.78666041752383, 2.88150375660526, 2.73664139047317, 
    3.8593457311224, 3.85247873669336, 3.85934573111434, 3.85454390039864, 
    3.84162713238925, 3.85454390037747, 3.66444180217202, 3.75740281922419, 
    3.60710580747812, 3.67635828714392, 3.7657427313086, 3.79577625024055, 
    1.64625340095026, 1.94256928336295, 1.49258030946354, 1.64625340097011, 
    1.94256928368545, 2.06419702117997, 2.7366413877045, 2.48760941318101, 
    2.88150375406379, 2.78666041513284, 2.55573222394604, 2.38227206619358, 
    2.38227206724845, 2.48760941375913, 2.55573222538432, 2.78666041686584, 
    2.88150375540617, 2.73664138838674, 3.67635827923429, 3.76574272559159, 
    3.79577624523555, 3.75740281245502, 3.66444179291844, 3.60710579757979, 
    3.79577624472912, 3.75740281213609, 3.76574272474145, 3.67635827805925, 
    3.60710579668096, 3.6644417924823, 3.85454389875805, 3.84162712938197, 
    3.85934573196111, 3.85247873855186, 3.85934573200796, 3.8545438986714, 
    3.79577625037158, 3.75740281930348, 3.76574273159901, 3.67635828756557, 
    3.60710580786063, 3.66444180228992, 2.7366414061738, 2.48760943289103, 
    2.88150377196667, 2.78666043118355, 2.55573224014291, 2.38227208328738, 
    2.38227208623045, 2.48760943439797, 2.55573224445283, 2.78666043406951, 
    2.88150377390757, 2.73664140715472, 1.9425693008972, 2.06419704184881, 
    1.64625341877087, 1.49258032708335, 1.64625342168003, 1.94256930302161, 
    1.64625340140513, 1.49258031157358, 1.64625340403914, 1.94256928619291, 
    2.06419702248974, 1.94256928417, 2.73664138903273, 2.48760941446219, 
    2.8815037561134, 2.7866604169237, 2.55573222531353, 2.38227206716359, 
    2.3822720699552, 2.48760941579547, 2.5557322293941, 2.78666041976306, 
    2.88150375806086, 2.73664138992617, 3.53977331774956, 3.21649654835339, 
    3.21649654959376, 3.53977331919744, 3.67793587513922, 3.21649654540194, 
    3.53977331564885, 3.67793587277307, 3.5397733149207, 3.21649654477022, 
    0.593850783950195, 0.593850779396398, 0.593850782775934, 
    0.593850791659571, 0.593850791598252, 3.67793587513923, 3.53977331919744, 
    3.21649654959376, 3.21649654835339, 3.53977331774956, 3.53977331564884, 
    3.21649654540194, 3.21649654477022, 3.5397733149207, 3.67793587277307, 
    3.21649655924389, 3.21649655790655, 3.53977332472888, 3.67793588059418, 
    3.53977332629927, 3.21649654702879, 3.53977331720081, 3.6779358746755, 
    3.53977331812552, 3.21649654752238, 3.53977331812553, 3.6779358746755, 
    3.53977331720082, 3.21649654702879, 3.21649654752239, 0.59385078277592, 
    0.593850779396409, 0.593850783950208, 0.593850791598261, 
    0.593850791659587, 3.21649655188639, 3.53977332093464, 3.6779358784194, 
    3.53977332442296, 3.21649655569418, 3.6779358784194, 3.53977332093465, 
    3.21649655188639, 3.21649655569419, 3.53977332442296, 3.53977332472888, 
    3.21649655790655, 3.2164965592439, 3.53977332629928, 3.67793588059419, 
    3.09313226062383, 2.85913196185193, 3.09313226370159, 3.47211595370855, 
    3.59954851044558, 3.47211595146765, 3.80410697369584, 3.84328455748379, 
    3.85117147164709, 3.80410697328136, 3.84328455709745, 3.85117147178522, 
    3.85117147158168, 3.84328455729499, 3.80410697400469, 3.85117147224626, 
    3.84328455656832, 3.80410697261409, 3.47211594706444, 3.59954850580681, 
    3.4721159467236, 3.09313225474967, 2.85913195368211, 3.09313225521847, 
    2.49541414306506, 2.11642434923235, 1.57437664082969, 1.57437664453741, 
    2.11642435506745, 2.4954141451353, 3.80410697156069, 3.84328455632404, 
    3.85117147267505, 3.80410697604156, 3.84328455888855, 3.85117147088586, 
    3.85117147081093, 3.84328455894811, 3.8041069763742, 3.85117147291742, 
    3.84328455598842, 3.80410697116346, 3.47211594499978, 3.59954850464263, 
    3.4721159461514, 3.09313225360166, 2.85913195134544, 3.09313225235955, 
    2.49541413793282, 2.11642434460638, 1.57437663462051, 1.57437663650702, 
    2.11642434687757, 2.49541413924946, 2.11642436178007, 1.57437664731759, 
    1.57437664054781, 2.11642434882777, 2.49541414518076, 2.49541415071087, 
    1.57437665272758, 2.11642436593707, 2.49541415619563, 2.49541415444931, 
    2.11642435990732, 1.57437665132578, 1.57437663439456, 1.57437663476153, 
    2.11642434521013, 2.49541413934613, 2.4954141391958, 2.11642434512195, 
    3.84328455729499, 3.85117147158168, 3.80410697261409, 3.84328455656833, 
    3.85117147224626, 3.80410697400469, 3.85117147178522, 3.84328455709745, 
    3.80410697328136, 3.85117147164709, 3.84328455748379, 3.80410697369584, 
    2.85913196185193, 3.09313226062383, 3.47211595146765, 3.59954851044558, 
    3.47211595370855, 3.09313226370158, 2.49541414513532, 2.11642435506745, 
    1.57437664453741, 1.5743766408297, 2.11642434923235, 2.49541414306506, 
    3.09313225521847, 2.8591319536821, 3.09313225474966, 3.47211594672359, 
    3.59954850580681, 3.47211594706444, 3.84328455632404, 3.80410697156069, 
    3.85117147088586, 3.84328455888855, 3.80410697604156, 3.85117147267505, 
    2.1164243446064, 2.49541413793282, 2.49541413924946, 2.11642434687755, 
    1.57437663650702, 1.5743766346205, 3.09313225235954, 2.85913195134545, 
    3.09313225360167, 3.4721159461514, 3.59954850464264, 3.47211594499978, 
    3.80410697116346, 3.84328455598842, 3.85117147291742, 3.8041069763742, 
    3.84328455894811, 3.85117147081093, 2.85913197060393, 3.09313227004965, 
    3.47211595876244, 3.59954851569115, 3.47211595823572, 3.09313226885001, 
    2.49541415619561, 2.11642436593707, 1.57437665272757, 1.57437665132577, 
    2.1164243599073, 2.4954141544493, 3.80410697522113, 3.84328455797478, 
    3.85117147135552, 3.80410697204667, 3.84328455626233, 3.85117147268263, 
    2.85913195335129, 3.09313225443108, 3.47211594813884, 3.59954850695455, 
    3.47211594893677, 3.09313225559275, 2.11642434512197, 2.49541413919581, 
    2.49541413934613, 2.11642434521014, 1.57437663439455, 1.57437663476152, 
    3.09313225443106, 2.85913195335131, 3.09313225559274, 3.47211594893677, 
    3.59954850695453, 3.47211594813884, 3.85117147135552, 3.80410697204667, 
    3.84328455797478, 3.80410697522113, 3.85117147268263, 3.84328455626233, 
    1.57437664731759, 2.11642436178009, 2.49541415071088, 2.49541414518077, 
    2.11642434882777, 1.57437664054782, 3.47211595823571, 3.59954851569115, 
    3.47211595876244, 3.09313227004964, 2.85913197060393, 3.09313226885001, 
    2.9465344275923, 3.62843002484419, 3.81515503045961, 3.62843002252828, 
    2.94653442409549, 2.94653442027827, 2.94653442228269, 3.62843002165761, 
    3.81515502849687, 3.62843002048158, 1.17516569271611, 1.1751656948359, 
    1.17516571106594, 1.17516570731716, 1.17516569707796, 2.94653442409548, 
    3.62843002252828, 3.8151550304596, 3.62843002484421, 2.94653442759231, 
    3.81515502849687, 3.62843002165761, 2.94653442228267, 2.94653442027828, 
    3.62843002048158, 3.62843003086443, 2.94653443870383, 2.94653443438414, 
    3.62843002819084, 3.81515503282455, 3.62843002199762, 3.81515503007801, 
    3.62843002318803, 2.94653442262583, 2.94653442250223, 3.62843002199762, 
    2.94653442250223, 2.94653442262583, 3.62843002318802, 3.81515503007802, 
    1.17516569271612, 1.17516569707796, 1.17516570731713, 1.17516571106595, 
    1.17516569483589, 3.62843002999132, 2.94653443494701, 2.94653442666621, 
    3.62843002450252, 3.81515503209295, 3.62843002999132, 3.81515503209295, 
    3.62843002450252, 2.94653442666622, 2.94653443494701, 3.62843003086443, 
    3.81515503282455, 3.62843002819084, 2.94653443438416, 2.94653443870384, 
    3.79252788302589, 2.34391114276879, 3.79252788191438, 3.79252788048945, 
    2.34391113374791, 3.79252788545175, 3.79252787984217, 2.3439111305481, 
    2.3439111317078, 2.34391114991211, 3.79252788191438, 3.79252788048945, 
    3.79252788302589, 2.34391114276878, 2.34391113374791, 3.79252788545175, 
    2.34391113054811, 3.79252787984217, 2.34391114991211, 2.34391113170778 ;

 vVelocity = 0, 0, 0, 0, 0, 0, 0, 0, 0, 0, 0, 0, 0, 0, 0, 0, 0, 0, 0, 0, 0, 
    0, 0, 0, 0, 0, 0, 0, 0, 0, 0, 0, 0, 0, 0, 0, 0, 0, 0, 0, 0, 0, 0, 0, 0, 
    0, 0, 0, 0, 0, 0, 0, 0, 0, 0, 0, 0, 0, 0, 0, 0, 0, 0, 0, 0, 0, 0, 0, 0, 
    0, 0, 0, 0, 0, 0, 0, 0, 0, 0, 0, 0, 0, 0, 0, 0, 0, 0, 0, 0, 0, 0, 0, 0, 
    0, 0, 0, 0, 0, 0, 0, 0, 0, 0, 0, 0, 0, 0, 0, 0, 0, 0, 0, 0, 0, 0, 0, 0, 
    0, 0, 0, 0, 0, 0, 0, 0, 0, 0, 0, 0, 0, 0, 0, 0, 0, 0, 0, 0, 0, 0, 0, 0, 
    0, 0, 0, 0, 0, 0, 0, 0, 0, 0, 0, 0, 0, 0, 0, 0, 0, 0, 0, 0, 0, 0, 0, 0, 
    0, 0, 0, 0, 0, 0, 0, 0, 0, 0, 0, 0, 0, 0, 0, 0, 0, 0, 0, 0, 0, 0, 0, 0, 
    0, 0, 0, 0, 0, 0, 0, 0, 0, 0, 0, 0, 0, 0, 0, 0, 0, 0, 0, 0, 0, 0, 0, 0, 
    0, 0, 0, 0, 0, 0, 0, 0, 0, 0, 0, 0, 0, 0, 0, 0, 0, 0, 0, 0, 0, 0, 0, 0, 
    0, 0, 0, 0, 0, 0, 0, 0, 0, 0, 0, 0, 0, 0, 0, 0, 0, 0, 0, 0, 0, 0, 0, 0, 
    0, 0, 0, 0, 0, 0, 0, 0, 0, 0, 0, 0, 0, 0, 0, 0, 0, 0, 0, 0, 0, 0, 0, 0, 
    0, 0, 0, 0, 0, 0, 0, 0, 0, 0, 0, 0, 0, 0, 0, 0, 0, 0, 0, 0, 0, 0, 0, 0, 
    0, 0, 0, 0, 0, 0, 0, 0, 0, 0, 0, 0, 0, 0, 0, 0, 0, 0, 0, 0, 0, 0, 0, 0, 
    0, 0, 0, 0, 0, 0, 0, 0, 0, 0, 0, 0, 0, 0, 0, 0, 0, 0, 0, 0, 0, 0, 0, 0, 
    0, 0, 0, 0, 0, 0, 0, 0, 0, 0, 0, 0, 0, 0, 0, 0, 0, 0, 0, 0, 0, 0, 0, 0, 
    0, 0, 0, 0, 0, 0, 0, 0, 0, 0, 0, 0, 0, 0, 0, 0, 0, 0, 0, 0, 0, 0, 0, 0, 
    0, 0, 0, 0, 0, 0, 0, 0, 0, 0, 0, 0, 0, 0, 0, 0, 0, 0, 0, 0, 0, 0, 0, 0, 
    0, 0, 0, 0, 0, 0, 0, 0, 0, 0, 0, 0, 0, 0, 0, 0, 0, 0, 0, 0, 0, 0, 0, 0, 
    0, 0, 0, 0, 0, 0, 0, 0, 0, 0, 0, 0, 0, 0, 0, 0, 0, 0, 0, 0, 0, 0, 0, 0, 
    0, 0, 0, 0, 0, 0, 0, 0, 0, 0, 0, 0, 0, 0, 0, 0, 0, 0, 0, 0, 0, 0, 0, 0, 
    0, 0, 0, 0, 0, 0, 0, 0, 0, 0, 0, 0, 0, 0, 0, 0, 0, 0, 0, 0, 0, 0, 0, 0, 
    0, 0, 0, 0, 0, 0, 0, 0, 0, 0, 0, 0, 0, 0, 0, 0, 0, 0, 0, 0, 0, 0, 0, 0, 
    0, 0, 0, 0, 0, 0, 0, 0, 0, 0, 0, 0, 0, 0, 0, 0, 0, 0, 0, 0, 0, 0, 0, 0, 
    0, 0, 0, 0, 0, 0, 0, 0, 0, 0, 0, 0, 0, 0, 0, 0, 0, 0, 0, 0, 0, 0, 0, 0, 
    0, 0, 0, 0, 0, 0, 0, 0, 0, 0, 0, 0, 0, 0, 0, 0, 0, 0, 0, 0, 0, 0, 0, 0, 
    0, 0, 0, 0, 0, 0, 0, 0, 0, 0, 0, 0, 0, 0, 0, 0, 0, 0, 0, 0, 0, 0, 0, 0, 
    0, 0, 0, 0, 0, 0, 0, 0, 0, 0, 0, 0, 0, 0, 0, 0, 0, 0, 0, 0, 0, 0, 0, 0, 
    0, 0, 0, 0, 0, 0, 0, 0, 0, 0, 0, 0, 0, 0, 0, 0, 0, 0, 0, 0, 0, 0, 0, 0, 
    0, 0, 0, 0, 0, 0, 0, 0, 0, 0, 0, 0, 0, 0, 0, 0, 0, 0, 0, 0, 0, 0, 0, 0, 
    0, 0, 0, 0, 0, 0, 0, 0, 0, 0, 0, 0, 0, 0, 0, 0, 0, 0, 0, 0, 0, 0, 0, 0, 
    0, 0, 0, 0, 0, 0, 0, 0, 0, 0, 0, 0, 0, 0, 0, 0, 0, 0, 0, 0, 0, 0, 0, 0, 
    0, 0, 0, 0, 0, 0, 0, 0, 0, 0, 0, 0, 0, 0, 0, 0, 0, 0, 0, 0, 0, 0, 0, 0, 
    0, 0, 0, 0, 0, 0, 0, 0, 0, 0, 0, 0, 0, 0, 0, 0, 0, 0, 0, 0, 0, 0, 0, 0, 
    0, 0, 0, 0, 0, 0, 0, 0, 0, 0, 0, 0, 0, 0, 0, 0, 0, 0, 0, 0, 0, 0, 0, 0, 
    0, 0, 0, 0, 0, 0, 0, 0, 0, 0, 0, 0, 0, 0, 0, 0, 0, 0, 0, 0, 0, 0, 0, 0, 
    0, 0, 0, 0, 0, 0, 0, 0, 0, 0, 0, 0, 0, 0, 0, 0, 0, 0, 0, 0, 0, 0, 0, 0, 
    0, 0, 0, 0, 0, 0, 0, 0, 0, 0, 0, 0, 0, 0, 0, 0, 0, 0, 0, 0, 0, 0, 0, 0, 
    0, 0, 0, 0, 0, 0, 0, 0, 0, 0, 0, 0, 0, 0, 0, 0, 0, 0, 0, 0, 0, 0, 0, 0, 
    0, 0, 0, 0, 0, 0, 0, 0, 0, 0, 0, 0, 0, 0, 0, 0, 0, 0, 0, 0, 0, 0, 0, 0, 
    0, 0, 0, 0, 0, 0, 0, 0, 0, 0, 0, 0, 0, 0, 0, 0, 0, 0, 0, 0, 0, 0, 0, 0, 
    0, 0, 0, 0, 0, 0, 0, 0, 0, 0, 0, 0, 0, 0, 0, 0, 0, 0, 0, 0, 0, 0, 0, 0, 
    0, 0, 0, 0, 0, 0, 0, 0, 0, 0, 0, 0, 0, 0, 0, 0, 0, 0, 0, 0, 0, 0, 0, 0, 
    0, 0, 0, 0, 0, 0, 0, 0, 0, 0, 0, 0, 0, 0, 0, 0, 0, 0, 0, 0, 0, 0, 0, 0, 
    0, 0, 0, 0, 0, 0, 0, 0, 0, 0, 0, 0, 0, 0, 0, 0, 0, 0, 0, 0, 0, 0, 0, 0, 
    0, 0, 0, 0, 0, 0, 0, 0, 0, 0, 0, 0, 0, 0, 0, 0, 0, 0, 0, 0, 0, 0, 0, 0, 
    0, 0, 0, 0, 0, 0, 0, 0, 0, 0, 0, 0, 0, 0, 0, 0, 0, 0, 0, 0, 0, 0, 0, 0, 
    0, 0, 0, 0, 0, 0, 0, 0, 0, 0, 0, 0, 0, 0, 0, 0, 0, 0, 0, 0, 0, 0, 0, 0, 
    0, 0, 0, 0, 0, 0, 0, 0, 0, 0, 0, 0, 0, 0, 0, 0, 0, 0, 0, 0, 0, 0, 0, 0, 
    0, 0, 0, 0, 0, 0, 0, 0, 0, 0, 0, 0, 0, 0, 0, 0, 0, 0, 0, 0, 0, 0, 0, 0, 
    0, 0, 0, 0, 0, 0, 0, 0, 0, 0, 0, 0, 0, 0, 0, 0, 0, 0, 0, 0, 0, 0, 0, 0, 
    0, 0, 0, 0, 0, 0, 0, 0, 0, 0, 0, 0, 0, 0, 0, 0, 0, 0, 0, 0, 0, 0, 0, 0, 
    0, 0, 0, 0, 0, 0, 0, 0, 0, 0, 0, 0, 0, 0, 0, 0, 0, 0, 0, 0, 0, 0, 0, 0, 
    0, 0, 0, 0, 0, 0, 0, 0, 0, 0, 0, 0, 0, 0, 0, 0, 0, 0, 0, 0, 0, 0, 0, 0, 
    0, 0, 0, 0, 0, 0, 0, 0, 0, 0, 0, 0, 0, 0, 0, 0, 0, 0, 0, 0, 0, 0, 0, 0, 
    0, 0, 0, 0, 0, 0, 0, 0, 0, 0, 0, 0, 0, 0, 0, 0, 0, 0, 0, 0, 0, 0, 0, 0, 
    0, 0, 0, 0, 0, 0, 0, 0, 0, 0, 0, 0, 0, 0, 0, 0, 0, 0, 0, 0, 0, 0, 0, 0, 
    0, 0, 0, 0, 0, 0, 0, 0, 0, 0, 0, 0, 0, 0, 0, 0, 0, 0, 0, 0, 0, 0, 0, 0, 
    0, 0, 0, 0, 0, 0, 0, 0, 0, 0, 0, 0, 0, 0, 0, 0, 0, 0, 0, 0, 0, 0, 0, 0, 
    0, 0, 0, 0, 0, 0, 0, 0, 0, 0, 0, 0, 0, 0, 0, 0, 0, 0, 0, 0, 0, 0, 0, 0, 
    0, 0, 0, 0, 0, 0, 0, 0, 0, 0, 0, 0, 0, 0, 0, 0, 0, 0, 0, 0, 0, 0, 0, 0, 
    0, 0, 0, 0, 0, 0, 0, 0, 0, 0, 0, 0, 0, 0, 0, 0, 0, 0, 0, 0, 0, 0, 0, 0, 
    0, 0, 0, 0, 0, 0, 0, 0, 0, 0, 0, 0, 0, 0, 0, 0, 0, 0, 0, 0, 0, 0, 0, 0, 
    0, 0, 0, 0, 0, 0, 0, 0, 0, 0, 0, 0, 0, 0, 0, 0, 0, 0, 0, 0, 0, 0, 0, 0, 
    0, 0, 0, 0, 0, 0, 0, 0, 0, 0, 0, 0, 0, 0, 0, 0, 0, 0, 0, 0, 0, 0, 0, 0, 
    0, 0, 0, 0, 0, 0, 0, 0, 0, 0, 0, 0, 0, 0, 0, 0, 0, 0, 0, 0, 0, 0, 0, 0, 
    0, 0, 0, 0, 0, 0, 0, 0, 0, 0, 0, 0, 0, 0, 0, 0, 0, 0, 0, 0, 0, 0, 0, 0, 
    0, 0, 0, 0, 0, 0, 0, 0, 0, 0, 0, 0, 0, 0, 0, 0, 0, 0, 0, 0, 0, 0, 0, 0, 
    0, 0, 0, 0, 0, 0, 0, 0, 0, 0, 0, 0, 0, 0, 0, 0, 0, 0, 0, 0, 0, 0, 0, 0, 
    0, 0, 0, 0, 0, 0, 0, 0, 0, 0, 0, 0, 0, 0, 0, 0, 0, 0, 0, 0, 0, 0, 0, 0, 
    0, 0, 0, 0, 0, 0, 0, 0, 0, 0, 0, 0, 0, 0, 0, 0, 0, 0, 0, 0, 0, 0, 0, 0, 
    0, 0, 0, 0, 0, 0, 0, 0, 0, 0, 0, 0, 0, 0, 0, 0, 0, 0, 0, 0, 0, 0, 0, 0, 
    0, 0, 0, 0, 0, 0, 0, 0, 0, 0, 0, 0, 0, 0, 0, 0, 0, 0, 0, 0, 0, 0, 0, 0, 
    0, 0, 0, 0, 0, 0, 0, 0, 0, 0, 0, 0, 0, 0, 0, 0, 0, 0, 0, 0, 0, 0, 0, 0, 
    0, 0, 0, 0, 0, 0, 0, 0, 0, 0, 0, 0, 0, 0, 0, 0, 0, 0, 0, 0, 0, 0, 0, 0, 
    0, 0, 0, 0, 0, 0, 0, 0, 0, 0, 0, 0, 0, 0, 0, 0, 0, 0, 0, 0, 0, 0, 0, 0, 
    0, 0, 0, 0, 0, 0, 0, 0, 0, 0, 0, 0, 0, 0, 0, 0, 0, 0, 0, 0, 0, 0, 0, 0, 
    0, 0, 0, 0, 0, 0, 0, 0, 0, 0, 0, 0, 0, 0, 0, 0, 0, 0, 0, 0, 0, 0, 0, 0, 
    0, 0, 0, 0, 0, 0, 0, 0, 0, 0, 0, 0, 0, 0, 0, 0, 0, 0, 0, 0, 0, 0, 0, 0, 
    0, 0, 0, 0, 0, 0, 0, 0, 0, 0, 0, 0, 0, 0, 0, 0, 0, 0, 0, 0, 0, 0, 0, 0, 
    0, 0, 0, 0, 0, 0, 0, 0, 0, 0, 0, 0, 0, 0, 0, 0, 0, 0, 0, 0, 0, 0, 0, 0, 
    0, 0, 0, 0, 0, 0, 0, 0, 0, 0, 0, 0, 0, 0, 0, 0, 0, 0, 0, 0, 0, 0, 0, 0, 
    0, 0, 0, 0, 0, 0, 0, 0, 0, 0, 0, 0, 0, 0, 0, 0, 0, 0, 0, 0, 0, 0, 0, 0, 
    0, 0, 0, 0, 0, 0, 0, 0, 0, 0, 0, 0, 0, 0, 0, 0, 0, 0, 0, 0, 0, 0, 0, 0, 
    0, 0, 0, 0, 0, 0, 0, 0, 0, 0, 0, 0, 0, 0, 0, 0, 0, 0, 0, 0, 0, 0, 0, 0, 
    0, 0, 0, 0, 0, 0, 0, 0, 0, 0, 0, 0, 0, 0, 0, 0, 0, 0, 0, 0, 0, 0, 0, 0, 
    0, 0, 0, 0, 0, 0, 0, 0, 0, 0, 0, 0, 0, 0, 0, 0, 0, 0, 0, 0, 0, 0, 0, 0, 
    0, 0, 0, 0, 0, 0, 0, 0, 0, 0, 0, 0, 0, 0, 0, 0, 0, 0, 0, 0, 0, 0, 0, 0, 
    0, 0, 0, 0, 0, 0, 0, 0, 0, 0, 0, 0, 0, 0, 0, 0, 0, 0, 0, 0, 0, 0, 0, 0, 
    0, 0, 0, 0, 0, 0, 0, 0, 0, 0, 0, 0, 0, 0, 0, 0, 0, 0, 0, 0, 0, 0, 0, 0, 
    0, 0, 0, 0, 0, 0, 0, 0, 0, 0, 0, 0, 0, 0, 0, 0, 0, 0, 0, 0, 0, 0, 0, 0, 
    0, 0, 0, 0, 0, 0, 0, 0, 0, 0, 0, 0, 0, 0, 0, 0, 0, 0, 0, 0, 0, 0, 0, 0, 
    0, 0, 0, 0, 0, 0, 0, 0, 0, 0, 0, 0, 0, 0, 0, 0, 0, 0, 0, 0, 0, 0, 0, 0, 
    0, 0, 0, 0, 0, 0, 0, 0, 0, 0, 0, 0, 0, 0, 0, 0, 0, 0, 0, 0, 0, 0, 0, 0, 
    0, 0, 0, 0, 0, 0, 0, 0, 0, 0, 0, 0, 0, 0, 0, 0, 0, 0, 0, 0, 0, 0, 0, 0, 
    0, 0, 0, 0, 0, 0, 0, 0, 0, 0, 0, 0, 0, 0, 0, 0, 0, 0, 0, 0, 0, 0, 0, 0, 
    0, 0, 0, 0, 0, 0, 0, 0, 0, 0, 0, 0, 0, 0, 0, 0, 0, 0, 0, 0, 0, 0, 0, 0, 
    0, 0, 0, 0, 0, 0, 0, 0, 0, 0, 0, 0, 0, 0, 0, 0, 0, 0, 0, 0, 0, 0, 0, 0, 
    0, 0, 0, 0, 0, 0, 0, 0, 0, 0, 0, 0, 0, 0, 0, 0, 0, 0, 0, 0, 0, 0, 0, 0, 
    0, 0, 0, 0, 0, 0, 0, 0, 0, 0, 0, 0, 0, 0, 0, 0, 0, 0, 0, 0, 0, 0, 0, 0, 
    0, 0, 0, 0, 0, 0, 0, 0, 0, 0, 0, 0, 0, 0, 0, 0, 0, 0, 0, 0, 0, 0, 0, 0, 
    0, 0, 0, 0, 0, 0, 0, 0, 0, 0, 0, 0, 0, 0, 0, 0, 0, 0, 0, 0, 0, 0, 0, 0, 
    0, 0, 0, 0, 0, 0, 0, 0, 0, 0, 0, 0, 0, 0, 0, 0, 0, 0, 0, 0, 0, 0, 0, 0, 
    0, 0, 0, 0, 0, 0, 0, 0, 0, 0, 0, 0, 0, 0, 0, 0, 0, 0, 0, 0, 0, 0, 0, 0, 
    0, 0, 0, 0, 0, 0, 0, 0, 0, 0, 0, 0, 0, 0, 0, 0, 0, 0, 0, 0, 0, 0, 0, 0, 
    0, 0, 0, 0, 0, 0, 0, 0, 0, 0, 0, 0, 0, 0, 0, 0, 0, 0, 0, 0, 0, 0, 0, 0, 
    0, 0, 0, 0, 0, 0, 0, 0, 0, 0, 0, 0, 0, 0, 0, 0, 0, 0, 0, 0, 0, 0, 0, 0, 
    0, 0, 0, 0, 0, 0, 0, 0, 0, 0, 0, 0, 0, 0, 0, 0, 0, 0, 0, 0, 0, 0, 0, 0, 
    0, 0, 0, 0, 0, 0, 0, 0, 0, 0, 0, 0, 0, 0, 0, 0, 0, 0, 0, 0, 0, 0, 0, 0, 
    0, 0, 0, 0, 0, 0, 0, 0, 0, 0, 0, 0, 0, 0, 0, 0, 0, 0, 0, 0, 0, 0, 0, 0, 
    0, 0, 0, 0, 0, 0, 0, 0, 0, 0, 0, 0, 0, 0, 0, 0, 0, 0, 0, 0, 0, 0, 0, 0, 
    0, 0, 0, 0, 0, 0, 0, 0, 0, 0, 0, 0, 0, 0, 0, 0, 0, 0, 0, 0, 0, 0, 0, 0, 
    0, 0, 0, 0, 0, 0, 0, 0, 0, 0, 0, 0, 0, 0, 0, 0, 0, 0, 0, 0, 0, 0, 0, 0, 
    0, 0, 0, 0, 0, 0, 0, 0, 0, 0, 0, 0, 0, 0, 0, 0, 0, 0, 0, 0, 0, 0, 0, 0, 
    0, 0, 0, 0, 0, 0, 0, 0, 0, 0, 0, 0, 0, 0, 0, 0, 0, 0, 0, 0, 0, 0, 0, 0, 
    0, 0, 0, 0, 0, 0, 0, 0, 0, 0, 0, 0, 0, 0, 0, 0, 0, 0, 0, 0, 0, 0, 0, 0, 
    0, 0, 0, 0, 0, 0, 0, 0, 0, 0, 0, 0, 0, 0, 0, 0, 0, 0, 0, 0, 0, 0, 0, 0, 
    0, 0, 0, 0, 0, 0, 0, 0, 0, 0, 0, 0, 0, 0, 0, 0, 0, 0, 0, 0, 0, 0, 0, 0, 
    0, 0, 0, 0, 0, 0, 0, 0, 0, 0, 0, 0, 0, 0, 0, 0, 0, 0, 0, 0, 0, 0, 0, 0, 
    0, 0, 0, 0, 0, 0, 0, 0, 0, 0, 0, 0, 0, 0, 0, 0, 0, 0, 0, 0, 0, 0, 0, 0, 
    0, 0, 0, 0, 0, 0, 0, 0, 0, 0, 0, 0, 0, 0, 0, 0, 0, 0, 0, 0, 0, 0, 0, 0, 
    0, 0, 0, 0, 0, 0, 0, 0, 0, 0, 0, 0, 0, 0, 0, 0, 0, 0, 0, 0, 0, 0, 0, 0, 
    0, 0, 0, 0, 0, 0, 0, 0, 0, 0, 0, 0, 0, 0, 0, 0, 0, 0, 0, 0, 0, 0, 0, 0, 
    0, 0, 0, 0, 0, 0, 0, 0, 0, 0, 0, 0, 0, 0, 0, 0, 0, 0, 0, 0, 0, 0, 0, 0, 
    0, 0, 0, 0, 0, 0, 0, 0, 0, 0, 0, 0, 0, 0, 0, 0, 0, 0, 0, 0, 0, 0, 0, 0, 
    0, 0, 0, 0, 0, 0, 0, 0, 0, 0, 0, 0, 0, 0, 0, 0, 0, 0, 0, 0, 0, 0, 0, 0, 
    0, 0, 0, 0, 0, 0, 0, 0, 0, 0, 0, 0, 0, 0, 0, 0, 0, 0, 0, 0, 0, 0, 0, 0, 
    0, 0, 0, 0, 0, 0, 0, 0, 0, 0, 0, 0, 0, 0, 0, 0, 0, 0, 0, 0, 0, 0, 0, 0, 
    0, 0, 0, 0, 0, 0, 0, 0, 0, 0, 0, 0, 0, 0, 0, 0, 0, 0, 0, 0, 0, 0, 0, 0, 
    0, 0, 0, 0, 0, 0, 0, 0, 0, 0, 0, 0, 0, 0, 0, 0, 0, 0, 0, 0, 0, 0, 0, 0, 
    0, 0, 0, 0, 0, 0, 0, 0, 0, 0, 0, 0, 0, 0, 0, 0, 0, 0, 0, 0, 0, 0, 0, 0, 
    0, 0, 0, 0, 0, 0, 0, 0, 0, 0, 0, 0, 0, 0, 0, 0, 0, 0, 0, 0, 0, 0, 0, 0, 
    0, 0, 0, 0, 0, 0, 0, 0, 0, 0, 0, 0, 0, 0, 0, 0, 0, 0, 0, 0, 0, 0, 0, 0, 
    0, 0, 0, 0, 0, 0, 0, 0, 0, 0, 0, 0, 0, 0, 0, 0, 0, 0, 0, 0, 0, 0, 0, 0, 
    0, 0, 0, 0, 0, 0, 0, 0, 0, 0, 0, 0, 0, 0, 0, 0, 0, 0, 0, 0, 0, 0, 0, 0, 
    0, 0, 0, 0, 0, 0, 0, 0, 0, 0, 0, 0, 0, 0, 0, 0, 0, 0, 0, 0, 0, 0, 0, 0, 
    0, 0, 0, 0, 0, 0, 0, 0, 0, 0, 0, 0, 0, 0, 0, 0, 0, 0, 0, 0, 0, 0, 0, 0, 
    0, 0, 0, 0, 0, 0, 0, 0, 0, 0, 0, 0, 0, 0, 0, 0, 0, 0, 0, 0, 0, 0, 0, 0, 
    0, 0, 0, 0, 0, 0, 0, 0, 0, 0, 0, 0, 0, 0, 0, 0, 0, 0, 0, 0, 0, 0, 0, 0, 
    0, 0, 0, 0, 0, 0, 0, 0, 0, 0, 0, 0, 0, 0, 0, 0, 0, 0, 0, 0, 0, 0, 0, 0, 
    0, 0, 0, 0, 0, 0, 0, 0, 0, 0, 0, 0, 0, 0, 0, 0, 0, 0, 0, 0, 0, 0, 0, 0, 
    0, 0, 0, 0, 0, 0, 0, 0, 0, 0, 0, 0, 0, 0, 0, 0, 0, 0, 0, 0, 0, 0, 0, 0, 
    0, 0, 0, 0, 0, 0, 0, 0, 0, 0, 0, 0, 0, 0, 0, 0, 0, 0, 0, 0, 0, 0, 0, 0, 
    0, 0, 0, 0, 0, 0, 0, 0, 0, 0, 0, 0, 0, 0, 0, 0, 0, 0, 0, 0, 0, 0, 0, 0, 
    0, 0, 0, 0, 0, 0, 0, 0, 0, 0, 0, 0, 0, 0, 0, 0, 0, 0, 0, 0, 0, 0, 0, 0, 
    0, 0, 0, 0, 0, 0, 0, 0, 0, 0, 0, 0, 0, 0, 0, 0, 0, 0, 0, 0, 0, 0, 0, 0, 
    0, 0, 0, 0, 0, 0, 0, 0, 0, 0, 0, 0, 0, 0, 0, 0, 0, 0, 0, 0, 0, 0, 0, 0, 
    0, 0, 0, 0, 0, 0, 0, 0, 0, 0, 0, 0, 0, 0, 0, 0, 0, 0, 0, 0, 0, 0, 0, 0, 
    0, 0, 0, 0, 0, 0, 0, 0, 0, 0, 0, 0, 0, 0, 0, 0, 0, 0, 0, 0, 0, 0, 0, 0, 
    0, 0, 0, 0, 0, 0, 0, 0, 0, 0, 0, 0, 0, 0, 0, 0, 0, 0, 0, 0, 0, 0, 0, 0, 
    0, 0, 0, 0, 0, 0, 0, 0, 0, 0, 0, 0, 0, 0, 0, 0, 0, 0, 0, 0, 0, 0, 0, 0, 
    0, 0, 0, 0, 0, 0, 0, 0, 0, 0, 0, 0, 0, 0, 0, 0, 0, 0, 0, 0, 0, 0, 0, 0, 
    0, 0, 0, 0, 0, 0, 0, 0, 0, 0, 0, 0, 0, 0, 0, 0, 0, 0, 0, 0, 0, 0, 0, 0, 
    0, 0, 0, 0, 0, 0, 0, 0, 0, 0, 0, 0, 0, 0, 0, 0, 0, 0, 0, 0, 0, 0, 0, 0, 
    0, 0, 0, 0, 0, 0, 0, 0, 0, 0, 0, 0, 0, 0, 0, 0, 0, 0, 0, 0, 0, 0, 0, 0, 
    0, 0, 0, 0, 0, 0, 0, 0, 0, 0, 0, 0, 0, 0, 0, 0, 0, 0, 0, 0, 0, 0, 0, 0, 
    0, 0, 0, 0, 0, 0, 0, 0, 0, 0, 0, 0, 0, 0, 0, 0, 0, 0, 0, 0, 0, 0, 0, 0, 
    0, 0, 0, 0, 0, 0, 0, 0, 0, 0, 0, 0, 0, 0, 0, 0, 0, 0, 0, 0, 0, 0, 0, 0, 
    0, 0, 0, 0, 0, 0, 0, 0, 0, 0, 0, 0, 0, 0, 0, 0, 0, 0, 0, 0, 0, 0, 0, 0, 
    0, 0, 0, 0, 0, 0, 0, 0, 0, 0, 0, 0, 0, 0, 0, 0, 0, 0, 0, 0, 0, 0, 0, 0, 
    0, 0, 0, 0, 0, 0, 0, 0, 0, 0, 0, 0, 0, 0, 0, 0, 0, 0, 0, 0, 0, 0, 0, 0, 
    0, 0, 0, 0, 0, 0, 0, 0, 0, 0, 0, 0, 0, 0, 0, 0, 0, 0, 0, 0, 0, 0, 0, 0, 
    0, 0, 0, 0, 0, 0, 0, 0, 0, 0, 0, 0, 0, 0, 0, 0, 0, 0, 0, 0, 0, 0, 0, 0, 
    0, 0, 0, 0, 0, 0, 0, 0, 0, 0, 0, 0, 0, 0, 0, 0, 0, 0, 0, 0, 0, 0, 0, 0, 
    0, 0, 0, 0, 0, 0, 0, 0, 0, 0, 0, 0, 0, 0, 0, 0, 0, 0, 0, 0, 0, 0, 0, 0, 
    0, 0, 0, 0, 0, 0, 0, 0, 0, 0, 0, 0, 0, 0, 0, 0, 0, 0, 0, 0, 0, 0, 0, 0, 
    0, 0, 0, 0, 0, 0, 0, 0, 0, 0, 0, 0, 0, 0, 0, 0, 0, 0, 0, 0, 0, 0, 0, 0, 
    0, 0, 0, 0, 0, 0, 0, 0, 0, 0, 0, 0, 0, 0, 0, 0, 0, 0, 0, 0, 0, 0, 0, 0, 
    0, 0, 0, 0, 0, 0, 0, 0, 0, 0, 0, 0, 0, 0, 0, 0, 0, 0, 0, 0, 0, 0, 0, 0, 
    0, 0, 0, 0, 0, 0, 0, 0, 0, 0, 0, 0, 0, 0, 0, 0, 0, 0, 0, 0, 0, 0, 0, 0, 
    0, 0, 0, 0, 0, 0, 0, 0, 0, 0, 0, 0, 0, 0, 0, 0, 0, 0, 0, 0, 0, 0, 0, 0, 
    0, 0, 0, 0, 0, 0, 0, 0, 0, 0, 0, 0, 0, 0, 0, 0, 0, 0, 0, 0, 0, 0, 0, 0, 
    0, 0, 0, 0, 0, 0, 0, 0, 0, 0, 0, 0, 0, 0, 0, 0, 0, 0, 0, 0, 0, 0, 0, 0, 
    0, 0, 0, 0, 0, 0, 0, 0, 0, 0, 0, 0, 0, 0, 0, 0, 0, 0, 0, 0, 0, 0, 0, 0, 
    0, 0, 0, 0, 0, 0, 0, 0, 0, 0, 0, 0, 0, 0, 0, 0, 0, 0, 0, 0, 0, 0, 0, 0, 
    0, 0, 0, 0, 0, 0, 0, 0, 0, 0, 0, 0, 0, 0, 0, 0, 0, 0, 0, 0, 0, 0, 0, 0, 
    0, 0, 0, 0, 0, 0, 0, 0, 0, 0, 0, 0, 0, 0, 0, 0, 0, 0, 0, 0, 0, 0, 0, 0, 
    0, 0, 0, 0, 0, 0, 0, 0, 0, 0, 0, 0, 0, 0, 0, 0, 0, 0, 0, 0, 0, 0, 0, 0, 
    0, 0, 0, 0, 0, 0, 0, 0, 0, 0, 0, 0, 0, 0, 0, 0, 0, 0, 0, 0, 0, 0, 0, 0, 
    0, 0, 0, 0, 0, 0, 0, 0, 0, 0, 0, 0, 0, 0, 0, 0, 0, 0, 0, 0, 0, 0, 0, 0, 
    0, 0, 0, 0, 0, 0, 0, 0, 0, 0, 0, 0, 0, 0, 0, 0, 0, 0, 0, 0, 0, 0, 0, 0, 
    0, 0, 0, 0, 0, 0, 0, 0, 0, 0, 0, 0, 0, 0, 0, 0, 0, 0, 0, 0, 0, 0, 0, 0, 
    0, 0, 0, 0, 0, 0, 0, 0, 0, 0, 0, 0, 0, 0, 0, 0, 0, 0, 0, 0, 0, 0, 0, 0, 
    0, 0, 0, 0, 0, 0, 0, 0, 0, 0, 0, 0, 0, 0, 0, 0, 0, 0, 0, 0, 0, 0, 0, 0, 
    0, 0, 0, 0, 0, 0, 0, 0, 0, 0, 0, 0, 0, 0, 0, 0, 0, 0, 0, 0, 0, 0, 0, 0, 
    0, 0, 0, 0, 0, 0, 0, 0, 0, 0, 0, 0, 0, 0, 0, 0, 0, 0, 0, 0, 0, 0, 0, 0, 
    0, 0, 0, 0, 0, 0, 0, 0, 0, 0, 0, 0, 0, 0, 0, 0, 0, 0, 0, 0, 0, 0, 0, 0, 
    0, 0, 0, 0, 0, 0, 0, 0, 0, 0, 0, 0, 0, 0, 0, 0, 0, 0, 0, 0, 0, 0, 0, 0, 
    0, 0, 0, 0, 0, 0, 0, 0, 0, 0, 0, 0, 0, 0, 0, 0, 0, 0, 0, 0, 0, 0, 0, 0, 
    0, 0, 0, 0, 0, 0, 0, 0, 0, 0, 0, 0, 0, 0, 0, 0, 0, 0, 0, 0, 0, 0, 0, 0, 
    0, 0, 0, 0, 0, 0, 0, 0, 0, 0, 0, 0, 0, 0, 0, 0, 0, 0, 0, 0, 0, 0, 0, 0, 
    0, 0, 0, 0, 0, 0, 0, 0, 0, 0, 0, 0, 0, 0, 0, 0, 0, 0, 0, 0, 0, 0, 0, 0, 
    0, 0, 0, 0, 0, 0, 0, 0, 0, 0, 0, 0, 0, 0, 0, 0, 0, 0, 0, 0, 0, 0, 0, 0, 
    0, 0, 0, 0, 0, 0, 0, 0, 0, 0, 0, 0, 0, 0, 0, 0, 0, 0, 0, 0, 0, 0, 0, 0, 
    0, 0, 0, 0, 0, 0, 0, 0, 0, 0, 0, 0, 0, 0, 0, 0, 0, 0, 0, 0, 0, 0, 0, 0, 
    0, 0, 0, 0, 0, 0, 0, 0, 0, 0, 0, 0, 0, 0, 0, 0, 0, 0, 0, 0, 0, 0, 0, 0, 
    0, 0, 0, 0, 0, 0, 0, 0, 0, 0, 0, 0, 0, 0, 0, 0, 0, 0, 0, 0, 0, 0, 0, 0, 
    0, 0, 0, 0, 0, 0, 0, 0, 0, 0, 0, 0, 0, 0, 0, 0, 0, 0, 0, 0, 0, 0, 0, 0, 
    0, 0, 0, 0, 0, 0, 0, 0, 0, 0, 0, 0, 0, 0, 0, 0, 0, 0, 0, 0, 0, 0, 0, 0, 
    0, 0, 0, 0, 0, 0, 0, 0, 0, 0, 0, 0, 0, 0, 0, 0, 0, 0, 0, 0, 0, 0, 0, 0, 
    0, 0, 0, 0, 0, 0, 0, 0, 0, 0, 0, 0, 0, 0, 0, 0, 0, 0, 0, 0, 0, 0, 0, 0, 
    0, 0, 0, 0, 0, 0, 0, 0, 0, 0, 0, 0, 0, 0, 0, 0, 0, 0, 0, 0, 0, 0, 0, 0, 
    0, 0, 0, 0, 0, 0, 0, 0, 0, 0, 0, 0, 0, 0, 0, 0, 0, 0, 0, 0, 0, 0, 0, 0, 
    0, 0, 0, 0, 0, 0, 0, 0, 0, 0, 0, 0, 0, 0, 0, 0, 0, 0, 0, 0, 0, 0, 0, 0, 
    0, 0, 0, 0, 0, 0, 0, 0, 0, 0, 0, 0, 0, 0, 0, 0, 0, 0, 0, 0, 0, 0, 0, 0, 
    0, 0, 0, 0, 0, 0, 0, 0, 0, 0, 0, 0, 0, 0, 0, 0, 0, 0, 0, 0, 0, 0, 0, 0, 
    0, 0, 0, 0, 0, 0, 0, 0, 0, 0, 0, 0, 0, 0, 0, 0, 0, 0, 0, 0, 0, 0, 0, 0, 
    0, 0, 0, 0, 0, 0, 0, 0, 0, 0, 0, 0, 0, 0, 0, 0, 0, 0, 0, 0, 0, 0, 0, 0, 
    0, 0, 0, 0, 0, 0, 0, 0, 0, 0, 0, 0, 0, 0, 0, 0, 0, 0, 0, 0, 0, 0, 0, 0, 
    0, 0, 0, 0, 0, 0, 0, 0, 0, 0, 0, 0, 0, 0, 0, 0, 0, 0, 0, 0, 0, 0, 0, 0, 
    0, 0, 0, 0, 0, 0, 0, 0, 0, 0, 0, 0, 0, 0, 0, 0, 0, 0, 0, 0, 0, 0, 0, 0, 
    0, 0, 0, 0, 0, 0, 0, 0, 0, 0, 0, 0, 0, 0, 0, 0, 0, 0, 0, 0, 0, 0, 0, 0, 
    0, 0, 0, 0, 0, 0, 0, 0, 0, 0, 0, 0, 0, 0, 0, 0, 0, 0, 0, 0, 0, 0, 0, 0, 
    0, 0, 0, 0, 0, 0, 0, 0, 0, 0, 0 ;

 iceAreaCell = 0, 0, 0, 0, 1, 0, 0, 0, 0, 0, 0, 0, 0, 0, 0, 0, 0, 0, 0, 0, 0, 
    0, 0, 0, 0, 0, 0, 0, 0, 0, 0, 0, 1, 0, 0, 0, 0, 0, 0, 0, 0, 0, 0, 0, 0, 
    0, 0, 0, 0, 0, 0, 0, 0, 0, 0, 0, 0, 0, 0, 0, 0, 0, 1, 0, 0, 0, 0, 0, 0, 
    0, 0, 0, 0, 0, 0, 0, 0, 0, 0, 0, 0, 0, 0, 0, 0, 0, 0, 0, 0, 0, 0, 0, 0, 
    0, 0, 0, 0, 1, 0, 0, 0, 0, 0, 0, 0, 0, 0, 0, 0, 0, 0, 0, 0, 0, 0, 0, 0, 
    0, 0, 0, 0, 0, 0, 0, 0, 0, 0, 0, 0, 0, 0, 0, 0, 0, 0, 0, 0, 0, 0, 0, 0, 
    0, 0, 0, 0, 0, 0, 1, 1, 0, 0, 0, 0, 1, 1, 0, 0, 0, 0, 0, 0, 0, 0, 0, 0, 
    0, 0, 0, 0, 0, 0, 0, 0, 0, 0, 0, 0, 0, 0, 0, 0, 0, 0, 0, 1, 1, 1, 0, 0, 
    0, 0, 0, 0, 0, 0, 0, 0, 0, 0, 0, 0, 0, 0, 0, 0, 0, 0, 0, 0, 0, 0, 0, 0, 
    0, 0, 0, 0, 0, 0, 0, 1, 0, 0, 0, 0, 0, 0, 0, 0, 0, 0, 0, 0, 0, 0, 0, 0, 
    0, 0, 0, 0, 0, 0, 0, 0, 0, 0, 0, 0, 0, 0, 0, 0, 0, 0, 0, 0, 0, 0, 0, 0, 
    0, 0, 0, 0, 0, 0, 0, 0, 0, 0, 0, 0, 0, 0, 0, 0, 0, 0, 0, 0, 0, 0, 0, 0, 
    0, 0, 0, 0, 0, 0, 0, 0, 0, 0, 0, 0, 0, 0, 0, 0, 0, 0, 0, 0, 0, 0, 0, 0, 
    0, 0, 0, 0, 0, 0, 0, 0, 0, 0, 0, 0, 0, 0, 0, 0, 1, 1, 1, 0, 0, 0, 0, 0, 
    0, 0, 0, 0, 0, 0, 0, 1, 0, 1, 1, 1, 0, 0, 0, 0, 0, 0, 0, 0, 0, 0, 0, 0, 
    0, 0, 0, 0, 0, 0, 0, 0, 0, 0, 0, 0, 0, 0, 0, 0, 0, 0, 0, 0, 0, 0, 0, 0, 
    0, 0, 0, 0, 0, 0, 0, 0, 0, 0, 0, 0, 0, 0, 0, 1, 1, 0, 0, 0, 0, 0, 0, 0, 
    0, 0, 0, 0, 0, 0, 0, 0, 0, 0, 0, 0, 0, 0, 0, 0, 0, 0, 0, 0, 0, 0, 0, 0, 
    0, 0, 0, 0, 0, 0, 0, 0, 0, 0, 0, 0, 0, 0, 0, 0, 0, 0, 0, 0, 0, 0, 0, 0, 
    0, 0, 0, 0, 0, 0, 0, 0, 0, 1, 1, 0, 0, 0, 0, 0, 0, 0, 0, 0, 1, 1, 1, 1, 
    0, 0, 0, 0, 0, 0, 0, 0, 0, 0, 0, 0, 0, 0, 0, 0, 0, 0, 0, 0, 0, 0, 0, 0, 
    0, 0, 0, 0, 0, 0, 0, 0, 0, 0, 0, 0, 0, 0, 0, 0, 0, 0, 0, 0, 0, 0, 0, 0, 
    0, 0, 0, 0, 0, 0, 0, 0, 0, 0, 0, 0, 0, 0, 0, 0, 0, 0, 0, 0, 0, 0, 0, 0, 
    0, 0, 0, 0, 0, 0, 0, 0, 0, 0, 0, 0, 0, 0, 0, 0, 0, 0, 1, 0, 1, 1, 1, 0, 
    0, 0, 0, 0, 0, 0, 0, 0, 0, 0, 0, 0, 0, 0, 0, 0, 0, 0, 0, 0, 0, 0, 0, 0, 
    0, 0, 0, 0, 0, 0, 0, 0, 0, 0, 0, 0, 0, 0, 0, 0, 0, 0, 0, 0, 0, 0, 0, 0, 
    0, 0, 0, 0, 0, 0, 1, 1, 1, 0, 0, 0, 1, 1, 1, 0, 0, 0, 0, 0, 0, 0, 0, 0, 
    0, 0, 0, 0, 0, 0, 0, 0, 0, 0, 0, 0, 0, 0, 0, 0, 0, 1, 1, 0, 0, 1, 0, 0, 
    0, 0, 0, 0, 0, 0, 0, 0, 0, 0, 0, 0, 0, 0, 0, 0, 0, 0, 0, 0, 0, 0, 0, 0, 
    0, 0, 0, 0, 0, 0, 0, 0, 0, 0, 0, 0, 0, 0, 0, 0, 0, 0, 0, 0, 0, 0, 0, 0, 
    0, 0, 0, 0, 0, 0, 0, 0, 0, 0, 0, 0, 0, 0, 0, 0, 0, 0, 0, 0, 0, 0, 0, 0, 
    0, 0, 0, 0, 0, 0, 0, 0, 0, 0, 0, 0, 0, 0, 0, 0, 0, 0, 0, 0, 0, 0, 0, 0, 
    0, 0, 0, 0, 0, 0, 0, 0, 0, 0, 0, 0, 0, 0, 0, 0, 0, 0, 0, 0, 0, 0, 0, 0, 
    0, 0, 0, 0, 0, 0, 0, 0, 0, 0, 0, 0, 0, 0, 0, 1, 1, 0, 0, 0, 1, 0, 0, 0, 
    0, 0, 0, 0, 0, 0, 0, 0, 0, 0, 1, 1, 1, 0, 0, 0, 0, 0, 0, 0, 0, 0, 0, 0, 
    0, 0, 0, 0, 0, 0, 0, 0, 0, 0, 0, 0, 0, 0, 0, 0, 0, 0, 0, 0, 0, 0, 0, 0, 
    0, 0, 0, 0, 0, 0, 0, 0, 0, 0, 0, 0, 0, 0, 0, 0, 0, 1, 0, 0, 0, 0, 0, 0, 
    0, 0, 0, 0, 0, 0, 0, 0, 0, 0, 0, 0, 0, 0, 0, 0, 0, 0, 0, 0, 0, 0, 0, 0, 
    0, 0, 0, 0, 0, 0, 0, 0, 0, 0, 0, 0, 0, 0, 0, 0, 0, 0, 0, 0, 0, 0, 0, 0, 
    0, 0, 0, 0, 0, 0, 0, 0, 0, 0, 0, 0, 0, 0, 0, 0, 0, 0, 0, 0, 0, 0, 0, 0, 
    0, 0, 0, 0, 0, 0, 0, 0, 0, 0, 0, 0, 0, 0, 0, 0, 0, 0, 0, 0, 0, 0, 0, 0, 
    0, 0, 0, 0, 0, 0, 0, 0, 0, 0, 0, 0, 0, 0, 0, 0, 0, 0, 0, 0, 0, 1, 1, 1, 
    0, 1, 1, 0, 0, 0, 0, 0, 0, 0, 0, 0, 0, 0, 0, 1, 1, 0, 0, 0, 1, 0, 0, 0, 
    1, 1, 1, 0, 0, 0, 0, 0, 0, 0, 0, 0, 0, 0, 0, 0, 0, 0, 0, 0, 0, 0, 0, 0, 
    0, 0, 0, 0, 0, 0, 0, 0, 0, 0, 0, 0, 0, 0, 0, 0, 0, 0, 0, 0, 0, 0, 0, 0, 
    0, 0, 0, 0, 0, 0, 0, 0, 0, 0, 0, 0, 0, 0, 0, 0, 0, 0, 0, 0, 0, 0, 0, 0, 
    0, 0, 0, 0, 0, 0, 0, 0, 0, 0, 0, 0, 0, 0, 0, 0, 0, 0, 0, 0, 0, 0, 0, 0, 
    0, 0, 0, 0, 0, 0, 0, 0, 0, 0, 0, 0, 0, 0, 0, 0, 0, 0, 0, 0, 0, 0, 0, 0, 
    0, 0, 0, 0, 0, 0, 0, 0, 0, 0, 0, 0, 0, 0, 0, 0, 0, 0, 0, 0, 0, 0, 0, 0, 
    0, 0, 0, 0, 0, 0, 0, 0, 0, 0, 0, 0, 0, 0, 0, 0, 0, 0, 0, 0, 0, 0, 0, 0, 
    0, 0, 0, 0, 0, 0, 0, 0, 0, 0, 0, 0, 0, 0, 0, 1, 1, 1, 1, 1, 1, 0, 0, 0, 
    0, 0, 0, 0, 0, 0, 0, 0, 0, 0, 0, 0, 0, 0, 0, 0, 0, 0, 0, 0, 1, 0, 0, 0, 
    0, 0, 0, 0, 0, 0, 0, 0, 0, 0, 0, 0, 0, 0, 0, 0, 0, 0, 0, 0, 0, 0, 0, 0, 
    0, 0, 0, 0, 0, 0, 0, 0, 0, 0, 0, 0, 0, 0, 0, 0, 0, 0, 0, 0, 0, 0, 0, 0, 
    0, 0, 0, 0, 0, 0, 0, 0, 0, 0, 0, 0, 0, 0, 0, 0, 0, 0, 0, 0, 0, 0, 0, 0, 
    0, 0, 0, 0, 0, 0, 0, 0, 0, 0, 0, 0, 0, 0, 0, 0, 0, 0, 0, 0, 0, 0, 0, 0, 
    0, 0, 0, 0, 0, 0, 0, 0, 0, 0, 0, 0, 0, 0, 0, 0, 0, 0, 0, 0, 0, 0, 0, 0, 
    0, 0, 0, 0, 0, 0, 0, 0, 0, 0, 0, 0, 0, 0, 0, 0, 0, 0, 0, 0, 0, 0, 0, 0, 
    0, 0, 0, 0, 0, 0, 0, 0, 0, 0, 0, 0, 0, 0, 0, 0, 0, 0, 0, 0, 0, 0, 0, 0, 
    0, 0, 0, 0, 0, 0, 0, 0, 0, 0, 0, 0, 0, 0, 0, 0, 0, 0, 0, 0, 0, 0, 0, 0, 
    0, 0, 0, 0, 0, 0, 0, 0, 0, 0, 0, 0, 0, 0, 0, 0, 0, 0, 0, 0, 0, 0, 0, 0, 
    0, 0, 0, 0, 0, 0, 0, 0, 0, 0, 0, 0, 0, 0, 0, 0, 0, 0, 0, 0, 0, 0, 0, 0, 
    0, 0, 0, 0, 0, 0, 0, 0, 0, 0, 0, 0, 0, 0, 0, 0, 0, 0, 0, 0, 0, 0, 0, 0, 
    0, 0, 0, 1, 1, 1, 1, 1, 1, 1, 1, 0, 0, 1, 1, 0, 0, 0, 0, 0, 0, 0, 0, 0, 
    0, 0, 0, 0, 0, 0, 0, 0, 0, 0, 0, 0, 0, 0, 0, 1, 1, 1, 1, 1, 1, 1, 1, 1, 
    1, 1, 1, 1, 0, 0, 0, 1, 1, 0, 0, 0, 0, 0, 0, 0, 0, 0, 0, 0, 0, 0, 0, 0, 
    0, 0, 0, 0, 0, 0, 0, 0, 0, 0, 0, 0, 0, 0, 0, 0, 0, 0, 0, 0, 0, 0, 0, 0, 
    0, 0, 0, 0, 0, 0, 0, 0, 0, 0, 0, 0, 0, 0, 0, 0, 0, 0, 0, 0, 0, 0, 0, 0, 
    0, 0, 0, 0, 0, 0, 0, 0, 0, 0, 0, 0, 0, 0, 0, 0, 0, 0, 0, 0, 0, 0, 0, 0, 
    0, 0, 0, 0, 0, 0, 0, 0, 0, 0, 0, 0, 0, 0, 0, 0, 0, 1, 1, 1, 1, 1, 1, 0, 
    0, 0, 0, 0, 0, 0, 0, 0, 0, 0, 0, 0, 0, 0, 0, 0, 0, 0, 0, 0, 0, 0, 0, 0, 
    0, 0, 0, 0, 0, 0, 0, 0, 0, 0, 0, 0, 0, 0, 0, 0, 0, 0, 0, 0, 0, 0, 0, 0, 
    0, 0, 0, 0, 0, 0, 0, 0, 0, 0, 0, 0, 0, 0, 0, 0, 0, 0, 0, 0, 0, 0, 0, 0, 
    0, 0, 0, 0, 0, 0, 0, 0, 0, 0, 0, 0, 0, 0, 0, 0, 0, 0, 0, 0, 0, 0, 0, 0, 
    0, 0, 1, 1, 1, 1, 0, 0, 0, 0, 0, 0, 0, 0, 0, 0, 0, 0, 0, 0, 0, 0, 0, 0, 
    0, 0, 0, 0, 0, 0, 0, 0, 0, 0, 0, 0, 0, 0, 0, 0, 0, 0, 0, 0, 0, 0, 0, 0, 
    0, 0, 0, 0, 0, 0, 0, 0, 0, 0, 0, 0, 0, 0, 0, 0, 0, 0, 0, 0, 0, 0, 0, 0, 
    0, 0, 0, 0, 0, 0, 0, 0, 0, 0, 0, 0, 0, 0, 0, 0, 0, 0, 0, 0, 0, 0, 0, 0, 
    0, 0, 0, 0, 0, 0, 0, 0, 0, 0, 0, 0, 0, 0, 0, 0, 0, 0, 0, 0, 0, 0, 0, 0, 
    0, 0, 0, 0, 0, 0, 0, 0, 0, 0, 0, 0, 0, 0, 0, 0, 0, 0, 0, 0, 0, 0, 0, 0, 
    0, 0, 0, 0, 0, 0, 0, 0, 0, 0, 0, 0, 0, 0, 0, 0, 0, 0, 0, 0, 0, 0, 0, 0, 
    0, 0, 0, 0, 0, 0, 0, 0, 0, 0, 0, 0, 0, 0, 0, 0, 0, 0, 0, 0, 0, 0, 0, 0, 
    0, 0, 0, 0, 0, 0, 0, 0, 0, 0, 0, 0, 0, 0, 0, 0, 0, 0, 0, 0, 0, 0, 0, 0, 
    0, 0, 0, 0, 0, 0, 0, 0, 0, 0, 0, 0, 0, 0, 0, 0, 0, 0, 0, 0, 0, 0, 0, 0, 
    0, 0, 0, 0, 0, 0, 0, 0, 0, 0, 0, 0, 0, 0, 0, 0, 0, 0, 0, 0, 0, 0, 0, 0, 
    0, 0, 0, 0, 0, 0, 0, 0, 0, 0, 0, 0, 0, 0, 0, 0, 0, 0, 0, 0, 0, 0, 0, 0, 
    0, 0, 0, 0, 0, 0, 0, 0, 0, 0, 0, 0, 0, 0, 0, 0, 0, 0, 0, 0, 0, 0, 0, 0, 
    0, 0, 0, 0, 0, 0, 0, 1, 1, 0, 1, 1, 1, 1, 0, 0, 0, 0, 0, 0, 0, 0, 0, 0, 
    0, 0, 0, 0, 0, 0, 0, 0, 0, 0, 0, 0, 0, 0, 0, 0, 0, 0, 0, 0, 0, 0, 0, 0, 
    0, 0, 0, 0, 1, 1, 0, 0, 1, 1, 1, 1, 1, 1, 1, 1, 1, 1, 1, 0, 0, 0, 1, 1, 
    0, 0, 0, 0, 0, 0, 0, 0, 0, 0, 0, 0, 0, 0, 0, 0, 0, 0, 0, 0, 0, 0, 0, 0, 
    0, 0, 0, 0, 0, 0, 0, 0, 0, 0, 0, 0, 0, 0, 0, 0, 0, 0, 0, 0, 0, 0, 0, 0, 
    0, 0, 0, 0, 0, 0, 0, 0, 0, 0, 0, 0, 0, 0, 0, 0, 0, 0, 0, 0, 0, 0, 0, 0, 
    0, 0, 0, 0, 0, 0, 0, 0, 0, 0, 0, 0, 0, 0, 0, 0, 0, 0, 0, 0, 0, 0, 0, 0, 
    0, 0, 0, 0, 0, 0, 0, 0, 0, 0, 0, 0, 0, 0, 0, 0, 0, 0, 0, 0, 0, 0, 0, 0, 
    0, 0, 0, 0, 1, 0, 0, 0, 0, 0, 0, 0, 0, 0, 0, 0, 0, 0, 0, 0, 0, 0, 0, 0, 
    0, 0, 0, 0, 0, 1, 1, 1, 0, 1, 0, 0, 0, 0, 0, 0, 0, 0, 0, 0, 0, 0, 0, 0, 
    0, 0, 0, 0, 0, 0, 0, 0, 0, 0, 0, 0, 0, 0, 0, 0, 0, 0, 0, 0, 0, 0, 0, 0, 
    0, 0, 0, 0, 0, 0, 0, 0, 0, 0, 0, 0, 0, 0, 0, 0, 0, 0, 0, 0, 0, 0, 0, 0, 
    0, 0, 0, 0, 0, 0, 0, 0, 0, 1, 1, 1, 0, 0, 0, 0, 0, 0, 0, 0, 0, 1, 1, 0, 
    0, 0, 0, 0, 0, 0, 0, 0, 0, 0, 0, 0, 0, 0, 0, 0, 0, 0, 0, 0, 0, 0, 0, 0, 
    0, 0, 0, 0, 0, 0, 0, 0, 0, 0, 0, 0, 0, 0, 0, 0, 0, 0, 0, 0, 0, 0, 0, 0, 
    0, 0, 0, 0, 0, 0, 0, 0, 0, 0, 0, 0, 0, 0, 0, 0, 0, 0, 0, 0, 0, 0, 0, 0, 
    0, 0, 0, 0, 0, 0, 0, 0, 0, 0, 0, 0, 0, 0, 0, 0, 0, 0, 0, 1, 0, 1, 1, 1, 
    0, 0, 0, 0, 0, 0, 0, 0, 0, 0, 0, 0, 0, 0, 0, 0, 0, 0, 0, 0, 0, 0, 0, 0, 
    0, 0, 0, 0, 0, 0, 0, 0, 0, 0, 0, 0, 0, 0, 0, 0, 0, 0, 0, 0, 0, 0, 0, 0, 
    0, 0, 0, 0, 0, 0, 1, 1, 1, 0, 0, 0, 1, 1, 1, 0, 0, 0, 0, 0, 0 ;

 iceVolumeCell = 0, 0, 0, 0, 1, 0, 0, 0, 0, 0, 0, 0, 0, 0, 0, 0, 0, 0, 0, 0, 
    0, 0, 0, 0, 0, 0, 0, 0, 0, 0, 0, 0, 1, 0, 0, 0, 0, 0, 0, 0, 0, 0, 0, 0, 
    0, 0, 0, 0, 0, 0, 0, 0, 0, 0, 0, 0, 0, 0, 0, 0, 0, 0, 1, 0, 0, 0, 0, 0, 
    0, 0, 0, 0, 0, 0, 0, 0, 0, 0, 0, 0, 0, 0, 0, 0, 0, 0, 0, 0, 0, 0, 0, 0, 
    0, 0, 0, 0, 0, 1, 0, 0, 0, 0, 0, 0, 0, 0, 0, 0, 0, 0, 0, 0, 0, 0, 0, 0, 
    0, 0, 0, 0, 0, 0, 0, 0, 0, 0, 0, 0, 0, 0, 0, 0, 0, 0, 0, 0, 0, 0, 0, 0, 
    0, 0, 0, 0, 0, 0, 0, 1, 1, 0, 0, 0, 0, 1, 1, 0, 0, 0, 0, 0, 0, 0, 0, 0, 
    0, 0, 0, 0, 0, 0, 0, 0, 0, 0, 0, 0, 0, 0, 0, 0, 0, 0, 0, 0, 1, 1, 1, 0, 
    0, 0, 0, 0, 0, 0, 0, 0, 0, 0, 0, 0, 0, 0, 0, 0, 0, 0, 0, 0, 0, 0, 0, 0, 
    0, 0, 0, 0, 0, 0, 0, 0, 1, 0, 0, 0, 0, 0, 0, 0, 0, 0, 0, 0, 0, 0, 0, 0, 
    0, 0, 0, 0, 0, 0, 0, 0, 0, 0, 0, 0, 0, 0, 0, 0, 0, 0, 0, 0, 0, 0, 0, 0, 
    0, 0, 0, 0, 0, 0, 0, 0, 0, 0, 0, 0, 0, 0, 0, 0, 0, 0, 0, 0, 0, 0, 0, 0, 
    0, 0, 0, 0, 0, 0, 0, 0, 0, 0, 0, 0, 0, 0, 0, 0, 0, 0, 0, 0, 0, 0, 0, 0, 
    0, 0, 0, 0, 0, 0, 0, 0, 0, 0, 0, 0, 0, 0, 0, 0, 0, 1, 1, 1, 0, 0, 0, 0, 
    0, 0, 0, 0, 0, 0, 0, 0, 1, 0, 1, 1, 1, 0, 0, 0, 0, 0, 0, 0, 0, 0, 0, 0, 
    0, 0, 0, 0, 0, 0, 0, 0, 0, 0, 0, 0, 0, 0, 0, 0, 0, 0, 0, 0, 0, 0, 0, 0, 
    0, 0, 0, 0, 0, 0, 0, 0, 0, 0, 0, 0, 0, 0, 0, 0, 1, 1, 0, 0, 0, 0, 0, 0, 
    0, 0, 0, 0, 0, 0, 0, 0, 0, 0, 0, 0, 0, 0, 0, 0, 0, 0, 0, 0, 0, 0, 0, 0, 
    0, 0, 0, 0, 0, 0, 0, 0, 0, 0, 0, 0, 0, 0, 0, 0, 0, 0, 0, 0, 0, 0, 0, 0, 
    0, 0, 0, 0, 0, 0, 0, 0, 0, 0, 1, 1, 0, 0, 0, 0, 0, 0, 0, 0, 0, 1, 1, 1, 
    1, 0, 0, 0, 0, 0, 0, 0, 0, 0, 0, 0, 0, 0, 0, 0, 0, 0, 0, 0, 0, 0, 0, 0, 
    0, 0, 0, 0, 0, 0, 0, 0, 0, 0, 0, 0, 0, 0, 0, 0, 0, 0, 0, 0, 0, 0, 0, 0, 
    0, 0, 0, 0, 0, 0, 0, 0, 0, 0, 0, 0, 0, 0, 0, 0, 0, 0, 0, 0, 0, 0, 0, 0, 
    0, 0, 0, 0, 0, 0, 0, 0, 0, 0, 0, 0, 0, 0, 0, 0, 0, 0, 0, 1, 0, 1, 1, 1, 
    0, 0, 0, 0, 0, 0, 0, 0, 0, 0, 0, 0, 0, 0, 0, 0, 0, 0, 0, 0, 0, 0, 0, 0, 
    0, 0, 0, 0, 0, 0, 0, 0, 0, 0, 0, 0, 0, 0, 0, 0, 0, 0, 0, 0, 0, 0, 0, 0, 
    0, 0, 0, 0, 0, 0, 0, 1, 1, 1, 0, 0, 0, 1, 1, 1, 0, 0, 0, 0, 0, 0, 0, 0, 
    0, 0, 0, 0, 0, 0, 0, 0, 0, 0, 0, 0, 0, 0, 0, 0, 0, 0, 1, 1, 0, 0, 1, 0, 
    0, 0, 0, 0, 0, 0, 0, 0, 0, 0, 0, 0, 0, 0, 0, 0, 0, 0, 0, 0, 0, 0, 0, 0, 
    0, 0, 0, 0, 0, 0, 0, 0, 0, 0, 0, 0, 0, 0, 0, 0, 0, 0, 0, 0, 0, 0, 0, 0, 
    0, 0, 0, 0, 0, 0, 0, 0, 0, 0, 0, 0, 0, 0, 0, 0, 0, 0, 0, 0, 0, 0, 0, 0, 
    0, 0, 0, 0, 0, 0, 0, 0, 0, 0, 0, 0, 0, 0, 0, 0, 0, 0, 0, 0, 0, 0, 0, 0, 
    0, 0, 0, 0, 0, 0, 0, 0, 0, 0, 0, 0, 0, 0, 0, 0, 0, 0, 0, 0, 0, 0, 0, 0, 
    0, 0, 0, 0, 0, 0, 0, 0, 0, 0, 0, 0, 0, 0, 0, 0, 1, 1, 0, 0, 0, 1, 0, 0, 
    0, 0, 0, 0, 0, 0, 0, 0, 0, 0, 0, 1, 1, 1, 0, 0, 0, 0, 0, 0, 0, 0, 0, 0, 
    0, 0, 0, 0, 0, 0, 0, 0, 0, 0, 0, 0, 0, 0, 0, 0, 0, 0, 0, 0, 0, 0, 0, 0, 
    0, 0, 0, 0, 0, 0, 0, 0, 0, 0, 0, 0, 0, 0, 0, 0, 0, 0, 1, 0, 0, 0, 0, 0, 
    0, 0, 0, 0, 0, 0, 0, 0, 0, 0, 0, 0, 0, 0, 0, 0, 0, 0, 0, 0, 0, 0, 0, 0, 
    0, 0, 0, 0, 0, 0, 0, 0, 0, 0, 0, 0, 0, 0, 0, 0, 0, 0, 0, 0, 0, 0, 0, 0, 
    0, 0, 0, 0, 0, 0, 0, 0, 0, 0, 0, 0, 0, 0, 0, 0, 0, 0, 0, 0, 0, 0, 0, 0, 
    0, 0, 0, 0, 0, 0, 0, 0, 0, 0, 0, 0, 0, 0, 0, 0, 0, 0, 0, 0, 0, 0, 0, 0, 
    0, 0, 0, 0, 0, 0, 0, 0, 0, 0, 0, 0, 0, 0, 0, 0, 0, 0, 0, 0, 0, 0, 1, 1, 
    1, 0, 1, 1, 0, 0, 0, 0, 0, 0, 0, 0, 0, 0, 0, 0, 1, 1, 0, 0, 0, 1, 0, 0, 
    0, 1, 1, 1, 0, 0, 0, 0, 0, 0, 0, 0, 0, 0, 0, 0, 0, 0, 0, 0, 0, 0, 0, 0, 
    0, 0, 0, 0, 0, 0, 0, 0, 0, 0, 0, 0, 0, 0, 0, 0, 0, 0, 0, 0, 0, 0, 0, 0, 
    0, 0, 0, 0, 0, 0, 0, 0, 0, 0, 0, 0, 0, 0, 0, 0, 0, 0, 0, 0, 0, 0, 0, 0, 
    0, 0, 0, 0, 0, 0, 0, 0, 0, 0, 0, 0, 0, 0, 0, 0, 0, 0, 0, 0, 0, 0, 0, 0, 
    0, 0, 0, 0, 0, 0, 0, 0, 0, 0, 0, 0, 0, 0, 0, 0, 0, 0, 0, 0, 0, 0, 0, 0, 
    0, 0, 0, 0, 0, 0, 0, 0, 0, 0, 0, 0, 0, 0, 0, 0, 0, 0, 0, 0, 0, 0, 0, 0, 
    0, 0, 0, 0, 0, 0, 0, 0, 0, 0, 0, 0, 0, 0, 0, 0, 0, 0, 0, 0, 0, 0, 0, 0, 
    0, 0, 0, 0, 0, 0, 0, 0, 0, 0, 0, 0, 0, 0, 0, 0, 1, 1, 1, 1, 1, 1, 0, 0, 
    0, 0, 0, 0, 0, 0, 0, 0, 0, 0, 0, 0, 0, 0, 0, 0, 0, 0, 0, 0, 0, 1, 0, 0, 
    0, 0, 0, 0, 0, 0, 0, 0, 0, 0, 0, 0, 0, 0, 0, 0, 0, 0, 0, 0, 0, 0, 0, 0, 
    0, 0, 0, 0, 0, 0, 0, 0, 0, 0, 0, 0, 0, 0, 0, 0, 0, 0, 0, 0, 0, 0, 0, 0, 
    0, 0, 0, 0, 0, 0, 0, 0, 0, 0, 0, 0, 0, 0, 0, 0, 0, 0, 0, 0, 0, 0, 0, 0, 
    0, 0, 0, 0, 0, 0, 0, 0, 0, 0, 0, 0, 0, 0, 0, 0, 0, 0, 0, 0, 0, 0, 0, 0, 
    0, 0, 0, 0, 0, 0, 0, 0, 0, 0, 0, 0, 0, 0, 0, 0, 0, 0, 0, 0, 0, 0, 0, 0, 
    0, 0, 0, 0, 0, 0, 0, 0, 0, 0, 0, 0, 0, 0, 0, 0, 0, 0, 0, 0, 0, 0, 0, 0, 
    0, 0, 0, 0, 0, 0, 0, 0, 0, 0, 0, 0, 0, 0, 0, 0, 0, 0, 0, 0, 0, 0, 0, 0, 
    0, 0, 0, 0, 0, 0, 0, 0, 0, 0, 0, 0, 0, 0, 0, 0, 0, 0, 0, 0, 0, 0, 0, 0, 
    0, 0, 0, 0, 0, 0, 0, 0, 0, 0, 0, 0, 0, 0, 0, 0, 0, 0, 0, 0, 0, 0, 0, 0, 
    0, 0, 0, 0, 0, 0, 0, 0, 0, 0, 0, 0, 0, 0, 0, 0, 0, 0, 0, 0, 0, 0, 0, 0, 
    0, 0, 0, 0, 0, 0, 0, 0, 0, 0, 0, 0, 0, 0, 0, 0, 0, 0, 0, 0, 0, 0, 0, 0, 
    0, 0, 0, 0, 1, 1, 1, 1, 1, 1, 1, 1, 0, 0, 1, 1, 0, 0, 0, 0, 0, 0, 0, 0, 
    0, 0, 0, 0, 0, 0, 0, 0, 0, 0, 0, 0, 0, 0, 0, 0, 1, 1, 1, 1, 1, 1, 1, 1, 
    1, 1, 1, 1, 1, 0, 0, 0, 1, 1, 0, 0, 0, 0, 0, 0, 0, 0, 0, 0, 0, 0, 0, 0, 
    0, 0, 0, 0, 0, 0, 0, 0, 0, 0, 0, 0, 0, 0, 0, 0, 0, 0, 0, 0, 0, 0, 0, 0, 
    0, 0, 0, 0, 0, 0, 0, 0, 0, 0, 0, 0, 0, 0, 0, 0, 0, 0, 0, 0, 0, 0, 0, 0, 
    0, 0, 0, 0, 0, 0, 0, 0, 0, 0, 0, 0, 0, 0, 0, 0, 0, 0, 0, 0, 0, 0, 0, 0, 
    0, 0, 0, 0, 0, 0, 0, 0, 0, 0, 0, 0, 0, 0, 0, 0, 0, 0, 1, 1, 1, 1, 1, 1, 
    0, 0, 0, 0, 0, 0, 0, 0, 0, 0, 0, 0, 0, 0, 0, 0, 0, 0, 0, 0, 0, 0, 0, 0, 
    0, 0, 0, 0, 0, 0, 0, 0, 0, 0, 0, 0, 0, 0, 0, 0, 0, 0, 0, 0, 0, 0, 0, 0, 
    0, 0, 0, 0, 0, 0, 0, 0, 0, 0, 0, 0, 0, 0, 0, 0, 0, 0, 0, 0, 0, 0, 0, 0, 
    0, 0, 0, 0, 0, 0, 0, 0, 0, 0, 0, 0, 0, 0, 0, 0, 0, 0, 0, 0, 0, 0, 0, 0, 
    0, 0, 0, 1, 1, 1, 1, 0, 0, 0, 0, 0, 0, 0, 0, 0, 0, 0, 0, 0, 0, 0, 0, 0, 
    0, 0, 0, 0, 0, 0, 0, 0, 0, 0, 0, 0, 0, 0, 0, 0, 0, 0, 0, 0, 0, 0, 0, 0, 
    0, 0, 0, 0, 0, 0, 0, 0, 0, 0, 0, 0, 0, 0, 0, 0, 0, 0, 0, 0, 0, 0, 0, 0, 
    0, 0, 0, 0, 0, 0, 0, 0, 0, 0, 0, 0, 0, 0, 0, 0, 0, 0, 0, 0, 0, 0, 0, 0, 
    0, 0, 0, 0, 0, 0, 0, 0, 0, 0, 0, 0, 0, 0, 0, 0, 0, 0, 0, 0, 0, 0, 0, 0, 
    0, 0, 0, 0, 0, 0, 0, 0, 0, 0, 0, 0, 0, 0, 0, 0, 0, 0, 0, 0, 0, 0, 0, 0, 
    0, 0, 0, 0, 0, 0, 0, 0, 0, 0, 0, 0, 0, 0, 0, 0, 0, 0, 0, 0, 0, 0, 0, 0, 
    0, 0, 0, 0, 0, 0, 0, 0, 0, 0, 0, 0, 0, 0, 0, 0, 0, 0, 0, 0, 0, 0, 0, 0, 
    0, 0, 0, 0, 0, 0, 0, 0, 0, 0, 0, 0, 0, 0, 0, 0, 0, 0, 0, 0, 0, 0, 0, 0, 
    0, 0, 0, 0, 0, 0, 0, 0, 0, 0, 0, 0, 0, 0, 0, 0, 0, 0, 0, 0, 0, 0, 0, 0, 
    0, 0, 0, 0, 0, 0, 0, 0, 0, 0, 0, 0, 0, 0, 0, 0, 0, 0, 0, 0, 0, 0, 0, 0, 
    0, 0, 0, 0, 0, 0, 0, 0, 0, 0, 0, 0, 0, 0, 0, 0, 0, 0, 0, 0, 0, 0, 0, 0, 
    0, 0, 0, 0, 0, 0, 0, 0, 0, 0, 0, 0, 0, 0, 0, 0, 0, 0, 0, 0, 0, 0, 0, 0, 
    0, 0, 0, 0, 0, 0, 0, 0, 1, 1, 0, 1, 1, 1, 1, 0, 0, 0, 0, 0, 0, 0, 0, 0, 
    0, 0, 0, 0, 0, 0, 0, 0, 0, 0, 0, 0, 0, 0, 0, 0, 0, 0, 0, 0, 0, 0, 0, 0, 
    0, 0, 0, 0, 0, 1, 1, 0, 0, 1, 1, 1, 1, 1, 1, 1, 1, 1, 1, 1, 0, 0, 0, 1, 
    1, 0, 0, 0, 0, 0, 0, 0, 0, 0, 0, 0, 0, 0, 0, 0, 0, 0, 0, 0, 0, 0, 0, 0, 
    0, 0, 0, 0, 0, 0, 0, 0, 0, 0, 0, 0, 0, 0, 0, 0, 0, 0, 0, 0, 0, 0, 0, 0, 
    0, 0, 0, 0, 0, 0, 0, 0, 0, 0, 0, 0, 0, 0, 0, 0, 0, 0, 0, 0, 0, 0, 0, 0, 
    0, 0, 0, 0, 0, 0, 0, 0, 0, 0, 0, 0, 0, 0, 0, 0, 0, 0, 0, 0, 0, 0, 0, 0, 
    0, 0, 0, 0, 0, 0, 0, 0, 0, 0, 0, 0, 0, 0, 0, 0, 0, 0, 0, 0, 0, 0, 0, 0, 
    0, 0, 0, 0, 0, 1, 0, 0, 0, 0, 0, 0, 0, 0, 0, 0, 0, 0, 0, 0, 0, 0, 0, 0, 
    0, 0, 0, 0, 0, 0, 1, 1, 1, 0, 1, 0, 0, 0, 0, 0, 0, 0, 0, 0, 0, 0, 0, 0, 
    0, 0, 0, 0, 0, 0, 0, 0, 0, 0, 0, 0, 0, 0, 0, 0, 0, 0, 0, 0, 0, 0, 0, 0, 
    0, 0, 0, 0, 0, 0, 0, 0, 0, 0, 0, 0, 0, 0, 0, 0, 0, 0, 0, 0, 0, 0, 0, 0, 
    0, 0, 0, 0, 0, 0, 0, 0, 0, 0, 1, 1, 1, 0, 0, 0, 0, 0, 0, 0, 0, 0, 1, 1, 
    0, 0, 0, 0, 0, 0, 0, 0, 0, 0, 0, 0, 0, 0, 0, 0, 0, 0, 0, 0, 0, 0, 0, 0, 
    0, 0, 0, 0, 0, 0, 0, 0, 0, 0, 0, 0, 0, 0, 0, 0, 0, 0, 0, 0, 0, 0, 0, 0, 
    0, 0, 0, 0, 0, 0, 0, 0, 0, 0, 0, 0, 0, 0, 0, 0, 0, 0, 0, 0, 0, 0, 0, 0, 
    0, 0, 0, 0, 0, 0, 0, 0, 0, 0, 0, 0, 0, 0, 0, 0, 0, 0, 0, 0, 1, 0, 1, 1, 
    1, 0, 0, 0, 0, 0, 0, 0, 0, 0, 0, 0, 0, 0, 0, 0, 0, 0, 0, 0, 0, 0, 0, 0, 
    0, 0, 0, 0, 0, 0, 0, 0, 0, 0, 0, 0, 0, 0, 0, 0, 0, 0, 0, 0, 0, 0, 0, 0, 
    0, 0, 0, 0, 0, 0, 0, 1, 1, 1, 0, 0, 0, 1, 1, 1, 0, 0, 0, 0, 0, 0 ;

 iceAreaCategory =
  0,
  0,
  0,
  0,
  1,
  0,
  0,
  0,
  0,
  0,
  0,
  0,
  0,
  0,
  0,
  0,
  0,
  0,
  0,
  0,
  0,
  0,
  0,
  0,
  0,
  0,
  0,
  0,
  0,
  0,
  0,
  0,
  1,
  0,
  0,
  0,
  0,
  0,
  0,
  0,
  0,
  0,
  0,
  0,
  0,
  0,
  0,
  0,
  0,
  0,
  0,
  0,
  0,
  0,
  0,
  0,
  0,
  0,
  0,
  0,
  0,
  0,
  1,
  0,
  0,
  0,
  0,
  0,
  0,
  0,
  0,
  0,
  0,
  0,
  0,
  0,
  0,
  0,
  0,
  0,
  0,
  0,
  0,
  0,
  0,
  0,
  0,
  0,
  0,
  0,
  0,
  0,
  0,
  0,
  0,
  0,
  0,
  1,
  0,
  0,
  0,
  0,
  0,
  0,
  0,
  0,
  0,
  0,
  0,
  0,
  0,
  0,
  0,
  0,
  0,
  0,
  0,
  0,
  0,
  0,
  0,
  0,
  0,
  0,
  0,
  0,
  0,
  0,
  0,
  0,
  0,
  0,
  0,
  0,
  0,
  0,
  0,
  0,
  0,
  0,
  0,
  0,
  0,
  0,
  0,
  0,
  0,
  1,
  1,
  0,
  0,
  0,
  0,
  1,
  1,
  0,
  0,
  0,
  0,
  0,
  0,
  0,
  0,
  0,
  0,
  0,
  0,
  0,
  0,
  0,
  0,
  0,
  0,
  0,
  0,
  0,
  0,
  0,
  0,
  0,
  0,
  0,
  0,
  0,
  1,
  1,
  1,
  0,
  0,
  0,
  0,
  0,
  0,
  0,
  0,
  0,
  0,
  0,
  0,
  0,
  0,
  0,
  0,
  0,
  0,
  0,
  0,
  0,
  0,
  0,
  0,
  0,
  0,
  0,
  0,
  0,
  0,
  0,
  0,
  0,
  1,
  0,
  0,
  0,
  0,
  0,
  0,
  0,
  0,
  0,
  0,
  0,
  0,
  0,
  0,
  0,
  0,
  0,
  0,
  0,
  0,
  0,
  0,
  0,
  0,
  0,
  0,
  0,
  0,
  0,
  0,
  0,
  0,
  0,
  0,
  0,
  0,
  0,
  0,
  0,
  0,
  0,
  0,
  0,
  0,
  0,
  0,
  0,
  0,
  0,
  0,
  0,
  0,
  0,
  0,
  0,
  0,
  0,
  0,
  0,
  0,
  0,
  0,
  0,
  0,
  0,
  0,
  0,
  0,
  0,
  0,
  0,
  0,
  0,
  0,
  0,
  0,
  0,
  0,
  0,
  0,
  0,
  0,
  0,
  0,
  0,
  0,
  0,
  0,
  0,
  0,
  0,
  0,
  0,
  0,
  0,
  0,
  0,
  0,
  0,
  0,
  0,
  0,
  0,
  0,
  1,
  1,
  1,
  0,
  0,
  0,
  0,
  0,
  0,
  0,
  0,
  0,
  0,
  0,
  0,
  1,
  0,
  1,
  1,
  1,
  0,
  0,
  0,
  0,
  0,
  0,
  0,
  0,
  0,
  0,
  0,
  0,
  0,
  0,
  0,
  0,
  0,
  0,
  0,
  0,
  0,
  0,
  0,
  0,
  0,
  0,
  0,
  0,
  0,
  0,
  0,
  0,
  0,
  0,
  0,
  0,
  0,
  0,
  0,
  0,
  0,
  0,
  0,
  0,
  0,
  0,
  0,
  0,
  0,
  0,
  0,
  1,
  1,
  0,
  0,
  0,
  0,
  0,
  0,
  0,
  0,
  0,
  0,
  0,
  0,
  0,
  0,
  0,
  0,
  0,
  0,
  0,
  0,
  0,
  0,
  0,
  0,
  0,
  0,
  0,
  0,
  0,
  0,
  0,
  0,
  0,
  0,
  0,
  0,
  0,
  0,
  0,
  0,
  0,
  0,
  0,
  0,
  0,
  0,
  0,
  0,
  0,
  0,
  0,
  0,
  0,
  0,
  0,
  0,
  0,
  0,
  0,
  0,
  0,
  0,
  0,
  0,
  1,
  1,
  0,
  0,
  0,
  0,
  0,
  0,
  0,
  0,
  0,
  1,
  1,
  1,
  1,
  0,
  0,
  0,
  0,
  0,
  0,
  0,
  0,
  0,
  0,
  0,
  0,
  0,
  0,
  0,
  0,
  0,
  0,
  0,
  0,
  0,
  0,
  0,
  0,
  0,
  0,
  0,
  0,
  0,
  0,
  0,
  0,
  0,
  0,
  0,
  0,
  0,
  0,
  0,
  0,
  0,
  0,
  0,
  0,
  0,
  0,
  0,
  0,
  0,
  0,
  0,
  0,
  0,
  0,
  0,
  0,
  0,
  0,
  0,
  0,
  0,
  0,
  0,
  0,
  0,
  0,
  0,
  0,
  0,
  0,
  0,
  0,
  0,
  0,
  0,
  0,
  0,
  0,
  0,
  0,
  0,
  0,
  0,
  0,
  0,
  0,
  0,
  0,
  0,
  0,
  1,
  0,
  1,
  1,
  1,
  0,
  0,
  0,
  0,
  0,
  0,
  0,
  0,
  0,
  0,
  0,
  0,
  0,
  0,
  0,
  0,
  0,
  0,
  0,
  0,
  0,
  0,
  0,
  0,
  0,
  0,
  0,
  0,
  0,
  0,
  0,
  0,
  0,
  0,
  0,
  0,
  0,
  0,
  0,
  0,
  0,
  0,
  0,
  0,
  0,
  0,
  0,
  0,
  0,
  0,
  0,
  0,
  0,
  0,
  0,
  1,
  1,
  1,
  0,
  0,
  0,
  1,
  1,
  1,
  0,
  0,
  0,
  0,
  0,
  0,
  0,
  0,
  0,
  0,
  0,
  0,
  0,
  0,
  0,
  0,
  0,
  0,
  0,
  0,
  0,
  0,
  0,
  0,
  0,
  0,
  1,
  1,
  0,
  0,
  1,
  0,
  0,
  0,
  0,
  0,
  0,
  0,
  0,
  0,
  0,
  0,
  0,
  0,
  0,
  0,
  0,
  0,
  0,
  0,
  0,
  0,
  0,
  0,
  0,
  0,
  0,
  0,
  0,
  0,
  0,
  0,
  0,
  0,
  0,
  0,
  0,
  0,
  0,
  0,
  0,
  0,
  0,
  0,
  0,
  0,
  0,
  0,
  0,
  0,
  0,
  0,
  0,
  0,
  0,
  0,
  0,
  0,
  0,
  0,
  0,
  0,
  0,
  0,
  0,
  0,
  0,
  0,
  0,
  0,
  0,
  0,
  0,
  0,
  0,
  0,
  0,
  0,
  0,
  0,
  0,
  0,
  0,
  0,
  0,
  0,
  0,
  0,
  0,
  0,
  0,
  0,
  0,
  0,
  0,
  0,
  0,
  0,
  0,
  0,
  0,
  0,
  0,
  0,
  0,
  0,
  0,
  0,
  0,
  0,
  0,
  0,
  0,
  0,
  0,
  0,
  0,
  0,
  0,
  0,
  0,
  0,
  0,
  0,
  0,
  0,
  0,
  0,
  0,
  0,
  0,
  0,
  0,
  0,
  0,
  0,
  0,
  0,
  1,
  1,
  0,
  0,
  0,
  1,
  0,
  0,
  0,
  0,
  0,
  0,
  0,
  0,
  0,
  0,
  0,
  0,
  0,
  1,
  1,
  1,
  0,
  0,
  0,
  0,
  0,
  0,
  0,
  0,
  0,
  0,
  0,
  0,
  0,
  0,
  0,
  0,
  0,
  0,
  0,
  0,
  0,
  0,
  0,
  0,
  0,
  0,
  0,
  0,
  0,
  0,
  0,
  0,
  0,
  0,
  0,
  0,
  0,
  0,
  0,
  0,
  0,
  0,
  0,
  0,
  0,
  0,
  0,
  0,
  0,
  0,
  0,
  0,
  1,
  0,
  0,
  0,
  0,
  0,
  0,
  0,
  0,
  0,
  0,
  0,
  0,
  0,
  0,
  0,
  0,
  0,
  0,
  0,
  0,
  0,
  0,
  0,
  0,
  0,
  0,
  0,
  0,
  0,
  0,
  0,
  0,
  0,
  0,
  0,
  0,
  0,
  0,
  0,
  0,
  0,
  0,
  0,
  0,
  0,
  0,
  0,
  0,
  0,
  0,
  0,
  0,
  0,
  0,
  0,
  0,
  0,
  0,
  0,
  0,
  0,
  0,
  0,
  0,
  0,
  0,
  0,
  0,
  0,
  0,
  0,
  0,
  0,
  0,
  0,
  0,
  0,
  0,
  0,
  0,
  0,
  0,
  0,
  0,
  0,
  0,
  0,
  0,
  0,
  0,
  0,
  0,
  0,
  0,
  0,
  0,
  0,
  0,
  0,
  0,
  0,
  0,
  0,
  0,
  0,
  0,
  0,
  0,
  0,
  0,
  0,
  0,
  0,
  0,
  0,
  0,
  0,
  0,
  0,
  0,
  0,
  0,
  0,
  1,
  1,
  1,
  0,
  1,
  1,
  0,
  0,
  0,
  0,
  0,
  0,
  0,
  0,
  0,
  0,
  0,
  0,
  1,
  1,
  0,
  0,
  0,
  1,
  0,
  0,
  0,
  1,
  1,
  1,
  0,
  0,
  0,
  0,
  0,
  0,
  0,
  0,
  0,
  0,
  0,
  0,
  0,
  0,
  0,
  0,
  0,
  0,
  0,
  0,
  0,
  0,
  0,
  0,
  0,
  0,
  0,
  0,
  0,
  0,
  0,
  0,
  0,
  0,
  0,
  0,
  0,
  0,
  0,
  0,
  0,
  0,
  0,
  0,
  0,
  0,
  0,
  0,
  0,
  0,
  0,
  0,
  0,
  0,
  0,
  0,
  0,
  0,
  0,
  0,
  0,
  0,
  0,
  0,
  0,
  0,
  0,
  0,
  0,
  0,
  0,
  0,
  0,
  0,
  0,
  0,
  0,
  0,
  0,
  0,
  0,
  0,
  0,
  0,
  0,
  0,
  0,
  0,
  0,
  0,
  0,
  0,
  0,
  0,
  0,
  0,
  0,
  0,
  0,
  0,
  0,
  0,
  0,
  0,
  0,
  0,
  0,
  0,
  0,
  0,
  0,
  0,
  0,
  0,
  0,
  0,
  0,
  0,
  0,
  0,
  0,
  0,
  0,
  0,
  0,
  0,
  0,
  0,
  0,
  0,
  0,
  0,
  0,
  0,
  0,
  0,
  0,
  0,
  0,
  0,
  0,
  0,
  0,
  0,
  0,
  0,
  0,
  0,
  0,
  0,
  0,
  0,
  0,
  0,
  0,
  0,
  0,
  0,
  0,
  0,
  0,
  0,
  0,
  0,
  0,
  0,
  0,
  0,
  0,
  0,
  0,
  0,
  0,
  0,
  0,
  0,
  0,
  0,
  0,
  0,
  1,
  1,
  1,
  1,
  1,
  1,
  0,
  0,
  0,
  0,
  0,
  0,
  0,
  0,
  0,
  0,
  0,
  0,
  0,
  0,
  0,
  0,
  0,
  0,
  0,
  0,
  0,
  0,
  0,
  1,
  0,
  0,
  0,
  0,
  0,
  0,
  0,
  0,
  0,
  0,
  0,
  0,
  0,
  0,
  0,
  0,
  0,
  0,
  0,
  0,
  0,
  0,
  0,
  0,
  0,
  0,
  0,
  0,
  0,
  0,
  0,
  0,
  0,
  0,
  0,
  0,
  0,
  0,
  0,
  0,
  0,
  0,
  0,
  0,
  0,
  0,
  0,
  0,
  0,
  0,
  0,
  0,
  0,
  0,
  0,
  0,
  0,
  0,
  0,
  0,
  0,
  0,
  0,
  0,
  0,
  0,
  0,
  0,
  0,
  0,
  0,
  0,
  0,
  0,
  0,
  0,
  0,
  0,
  0,
  0,
  0,
  0,
  0,
  0,
  0,
  0,
  0,
  0,
  0,
  0,
  0,
  0,
  0,
  0,
  0,
  0,
  0,
  0,
  0,
  0,
  0,
  0,
  0,
  0,
  0,
  0,
  0,
  0,
  0,
  0,
  0,
  0,
  0,
  0,
  0,
  0,
  0,
  0,
  0,
  0,
  0,
  0,
  0,
  0,
  0,
  0,
  0,
  0,
  0,
  0,
  0,
  0,
  0,
  0,
  0,
  0,
  0,
  0,
  0,
  0,
  0,
  0,
  0,
  0,
  0,
  0,
  0,
  0,
  0,
  0,
  0,
  0,
  0,
  0,
  0,
  0,
  0,
  0,
  0,
  0,
  0,
  0,
  0,
  0,
  0,
  0,
  0,
  0,
  0,
  0,
  0,
  0,
  0,
  0,
  0,
  0,
  0,
  0,
  0,
  0,
  0,
  0,
  0,
  0,
  0,
  0,
  0,
  0,
  0,
  0,
  0,
  0,
  0,
  0,
  0,
  0,
  0,
  0,
  0,
  0,
  0,
  0,
  0,
  0,
  0,
  0,
  0,
  0,
  0,
  0,
  0,
  0,
  0,
  0,
  0,
  0,
  0,
  0,
  0,
  0,
  0,
  0,
  0,
  0,
  0,
  0,
  0,
  0,
  0,
  0,
  0,
  0,
  0,
  0,
  0,
  0,
  0,
  0,
  0,
  0,
  0,
  0,
  0,
  0,
  0,
  0,
  0,
  0,
  0,
  0,
  0,
  0,
  0,
  0,
  0,
  0,
  0,
  0,
  0,
  0,
  0,
  0,
  0,
  0,
  0,
  0,
  0,
  0,
  0,
  0,
  1,
  1,
  1,
  1,
  1,
  1,
  1,
  1,
  0,
  0,
  1,
  1,
  0,
  0,
  0,
  0,
  0,
  0,
  0,
  0,
  0,
  0,
  0,
  0,
  0,
  0,
  0,
  0,
  0,
  0,
  0,
  0,
  0,
  0,
  0,
  0,
  1,
  1,
  1,
  1,
  1,
  1,
  1,
  1,
  1,
  1,
  1,
  1,
  1,
  0,
  0,
  0,
  1,
  1,
  0,
  0,
  0,
  0,
  0,
  0,
  0,
  0,
  0,
  0,
  0,
  0,
  0,
  0,
  0,
  0,
  0,
  0,
  0,
  0,
  0,
  0,
  0,
  0,
  0,
  0,
  0,
  0,
  0,
  0,
  0,
  0,
  0,
  0,
  0,
  0,
  0,
  0,
  0,
  0,
  0,
  0,
  0,
  0,
  0,
  0,
  0,
  0,
  0,
  0,
  0,
  0,
  0,
  0,
  0,
  0,
  0,
  0,
  0,
  0,
  0,
  0,
  0,
  0,
  0,
  0,
  0,
  0,
  0,
  0,
  0,
  0,
  0,
  0,
  0,
  0,
  0,
  0,
  0,
  0,
  0,
  0,
  0,
  0,
  0,
  0,
  0,
  0,
  0,
  0,
  0,
  0,
  0,
  0,
  0,
  0,
  0,
  0,
  0,
  0,
  0,
  0,
  0,
  0,
  1,
  1,
  1,
  1,
  1,
  1,
  0,
  0,
  0,
  0,
  0,
  0,
  0,
  0,
  0,
  0,
  0,
  0,
  0,
  0,
  0,
  0,
  0,
  0,
  0,
  0,
  0,
  0,
  0,
  0,
  0,
  0,
  0,
  0,
  0,
  0,
  0,
  0,
  0,
  0,
  0,
  0,
  0,
  0,
  0,
  0,
  0,
  0,
  0,
  0,
  0,
  0,
  0,
  0,
  0,
  0,
  0,
  0,
  0,
  0,
  0,
  0,
  0,
  0,
  0,
  0,
  0,
  0,
  0,
  0,
  0,
  0,
  0,
  0,
  0,
  0,
  0,
  0,
  0,
  0,
  0,
  0,
  0,
  0,
  0,
  0,
  0,
  0,
  0,
  0,
  0,
  0,
  0,
  0,
  0,
  0,
  0,
  0,
  0,
  0,
  0,
  0,
  0,
  0,
  0,
  1,
  1,
  1,
  1,
  0,
  0,
  0,
  0,
  0,
  0,
  0,
  0,
  0,
  0,
  0,
  0,
  0,
  0,
  0,
  0,
  0,
  0,
  0,
  0,
  0,
  0,
  0,
  0,
  0,
  0,
  0,
  0,
  0,
  0,
  0,
  0,
  0,
  0,
  0,
  0,
  0,
  0,
  0,
  0,
  0,
  0,
  0,
  0,
  0,
  0,
  0,
  0,
  0,
  0,
  0,
  0,
  0,
  0,
  0,
  0,
  0,
  0,
  0,
  0,
  0,
  0,
  0,
  0,
  0,
  0,
  0,
  0,
  0,
  0,
  0,
  0,
  0,
  0,
  0,
  0,
  0,
  0,
  0,
  0,
  0,
  0,
  0,
  0,
  0,
  0,
  0,
  0,
  0,
  0,
  0,
  0,
  0,
  0,
  0,
  0,
  0,
  0,
  0,
  0,
  0,
  0,
  0,
  0,
  0,
  0,
  0,
  0,
  0,
  0,
  0,
  0,
  0,
  0,
  0,
  0,
  0,
  0,
  0,
  0,
  0,
  0,
  0,
  0,
  0,
  0,
  0,
  0,
  0,
  0,
  0,
  0,
  0,
  0,
  0,
  0,
  0,
  0,
  0,
  0,
  0,
  0,
  0,
  0,
  0,
  0,
  0,
  0,
  0,
  0,
  0,
  0,
  0,
  0,
  0,
  0,
  0,
  0,
  0,
  0,
  0,
  0,
  0,
  0,
  0,
  0,
  0,
  0,
  0,
  0,
  0,
  0,
  0,
  0,
  0,
  0,
  0,
  0,
  0,
  0,
  0,
  0,
  0,
  0,
  0,
  0,
  0,
  0,
  0,
  0,
  0,
  0,
  0,
  0,
  0,
  0,
  0,
  0,
  0,
  0,
  0,
  0,
  0,
  0,
  0,
  0,
  0,
  0,
  0,
  0,
  0,
  0,
  0,
  0,
  0,
  0,
  0,
  0,
  0,
  0,
  0,
  0,
  0,
  0,
  0,
  0,
  0,
  0,
  0,
  0,
  0,
  0,
  0,
  0,
  0,
  0,
  0,
  0,
  0,
  0,
  0,
  0,
  0,
  0,
  0,
  0,
  0,
  0,
  0,
  0,
  0,
  0,
  0,
  0,
  0,
  0,
  0,
  0,
  0,
  0,
  0,
  0,
  0,
  0,
  0,
  0,
  0,
  0,
  0,
  0,
  0,
  0,
  0,
  0,
  0,
  0,
  0,
  0,
  0,
  0,
  0,
  0,
  0,
  0,
  0,
  0,
  0,
  0,
  0,
  0,
  0,
  0,
  0,
  0,
  0,
  0,
  0,
  0,
  0,
  0,
  0,
  0,
  0,
  0,
  0,
  0,
  0,
  0,
  0,
  0,
  0,
  0,
  0,
  1,
  1,
  0,
  1,
  1,
  1,
  1,
  0,
  0,
  0,
  0,
  0,
  0,
  0,
  0,
  0,
  0,
  0,
  0,
  0,
  0,
  0,
  0,
  0,
  0,
  0,
  0,
  0,
  0,
  0,
  0,
  0,
  0,
  0,
  0,
  0,
  0,
  0,
  0,
  0,
  0,
  0,
  0,
  0,
  0,
  1,
  1,
  0,
  0,
  1,
  1,
  1,
  1,
  1,
  1,
  1,
  1,
  1,
  1,
  1,
  0,
  0,
  0,
  1,
  1,
  0,
  0,
  0,
  0,
  0,
  0,
  0,
  0,
  0,
  0,
  0,
  0,
  0,
  0,
  0,
  0,
  0,
  0,
  0,
  0,
  0,
  0,
  0,
  0,
  0,
  0,
  0,
  0,
  0,
  0,
  0,
  0,
  0,
  0,
  0,
  0,
  0,
  0,
  0,
  0,
  0,
  0,
  0,
  0,
  0,
  0,
  0,
  0,
  0,
  0,
  0,
  0,
  0,
  0,
  0,
  0,
  0,
  0,
  0,
  0,
  0,
  0,
  0,
  0,
  0,
  0,
  0,
  0,
  0,
  0,
  0,
  0,
  0,
  0,
  0,
  0,
  0,
  0,
  0,
  0,
  0,
  0,
  0,
  0,
  0,
  0,
  0,
  0,
  0,
  0,
  0,
  0,
  0,
  0,
  0,
  0,
  0,
  0,
  0,
  0,
  0,
  0,
  0,
  0,
  0,
  0,
  0,
  0,
  0,
  0,
  0,
  0,
  0,
  0,
  0,
  0,
  0,
  0,
  0,
  0,
  0,
  0,
  0,
  0,
  1,
  0,
  0,
  0,
  0,
  0,
  0,
  0,
  0,
  0,
  0,
  0,
  0,
  0,
  0,
  0,
  0,
  0,
  0,
  0,
  0,
  0,
  0,
  0,
  0,
  1,
  1,
  1,
  0,
  1,
  0,
  0,
  0,
  0,
  0,
  0,
  0,
  0,
  0,
  0,
  0,
  0,
  0,
  0,
  0,
  0,
  0,
  0,
  0,
  0,
  0,
  0,
  0,
  0,
  0,
  0,
  0,
  0,
  0,
  0,
  0,
  0,
  0,
  0,
  0,
  0,
  0,
  0,
  0,
  0,
  0,
  0,
  0,
  0,
  0,
  0,
  0,
  0,
  0,
  0,
  0,
  0,
  0,
  0,
  0,
  0,
  0,
  0,
  0,
  0,
  0,
  0,
  0,
  0,
  0,
  0,
  0,
  0,
  0,
  0,
  0,
  1,
  1,
  1,
  0,
  0,
  0,
  0,
  0,
  0,
  0,
  0,
  0,
  1,
  1,
  0,
  0,
  0,
  0,
  0,
  0,
  0,
  0,
  0,
  0,
  0,
  0,
  0,
  0,
  0,
  0,
  0,
  0,
  0,
  0,
  0,
  0,
  0,
  0,
  0,
  0,
  0,
  0,
  0,
  0,
  0,
  0,
  0,
  0,
  0,
  0,
  0,
  0,
  0,
  0,
  0,
  0,
  0,
  0,
  0,
  0,
  0,
  0,
  0,
  0,
  0,
  0,
  0,
  0,
  0,
  0,
  0,
  0,
  0,
  0,
  0,
  0,
  0,
  0,
  0,
  0,
  0,
  0,
  0,
  0,
  0,
  0,
  0,
  0,
  0,
  0,
  0,
  0,
  0,
  0,
  0,
  0,
  0,
  0,
  0,
  0,
  0,
  0,
  0,
  0,
  0,
  0,
  1,
  0,
  1,
  1,
  1,
  0,
  0,
  0,
  0,
  0,
  0,
  0,
  0,
  0,
  0,
  0,
  0,
  0,
  0,
  0,
  0,
  0,
  0,
  0,
  0,
  0,
  0,
  0,
  0,
  0,
  0,
  0,
  0,
  0,
  0,
  0,
  0,
  0,
  0,
  0,
  0,
  0,
  0,
  0,
  0,
  0,
  0,
  0,
  0,
  0,
  0,
  0,
  0,
  0,
  0,
  0,
  0,
  0,
  0,
  1,
  1,
  1,
  0,
  0,
  0,
  1,
  1,
  1,
  0,
  0,
  0,
  0,
  0,
  0 ;

 iceVolumeCategory =
  0,
  0,
  0,
  0,
  1,
  0,
  0,
  0,
  0,
  0,
  0,
  0,
  0,
  0,
  0,
  0,
  0,
  0,
  0,
  0,
  0,
  0,
  0,
  0,
  0,
  0,
  0,
  0,
  0,
  0,
  0,
  0,
  1,
  0,
  0,
  0,
  0,
  0,
  0,
  0,
  0,
  0,
  0,
  0,
  0,
  0,
  0,
  0,
  0,
  0,
  0,
  0,
  0,
  0,
  0,
  0,
  0,
  0,
  0,
  0,
  0,
  0,
  1,
  0,
  0,
  0,
  0,
  0,
  0,
  0,
  0,
  0,
  0,
  0,
  0,
  0,
  0,
  0,
  0,
  0,
  0,
  0,
  0,
  0,
  0,
  0,
  0,
  0,
  0,
  0,
  0,
  0,
  0,
  0,
  0,
  0,
  0,
  1,
  0,
  0,
  0,
  0,
  0,
  0,
  0,
  0,
  0,
  0,
  0,
  0,
  0,
  0,
  0,
  0,
  0,
  0,
  0,
  0,
  0,
  0,
  0,
  0,
  0,
  0,
  0,
  0,
  0,
  0,
  0,
  0,
  0,
  0,
  0,
  0,
  0,
  0,
  0,
  0,
  0,
  0,
  0,
  0,
  0,
  0,
  0,
  0,
  0,
  1,
  1,
  0,
  0,
  0,
  0,
  1,
  1,
  0,
  0,
  0,
  0,
  0,
  0,
  0,
  0,
  0,
  0,
  0,
  0,
  0,
  0,
  0,
  0,
  0,
  0,
  0,
  0,
  0,
  0,
  0,
  0,
  0,
  0,
  0,
  0,
  0,
  1,
  1,
  1,
  0,
  0,
  0,
  0,
  0,
  0,
  0,
  0,
  0,
  0,
  0,
  0,
  0,
  0,
  0,
  0,
  0,
  0,
  0,
  0,
  0,
  0,
  0,
  0,
  0,
  0,
  0,
  0,
  0,
  0,
  0,
  0,
  0,
  1,
  0,
  0,
  0,
  0,
  0,
  0,
  0,
  0,
  0,
  0,
  0,
  0,
  0,
  0,
  0,
  0,
  0,
  0,
  0,
  0,
  0,
  0,
  0,
  0,
  0,
  0,
  0,
  0,
  0,
  0,
  0,
  0,
  0,
  0,
  0,
  0,
  0,
  0,
  0,
  0,
  0,
  0,
  0,
  0,
  0,
  0,
  0,
  0,
  0,
  0,
  0,
  0,
  0,
  0,
  0,
  0,
  0,
  0,
  0,
  0,
  0,
  0,
  0,
  0,
  0,
  0,
  0,
  0,
  0,
  0,
  0,
  0,
  0,
  0,
  0,
  0,
  0,
  0,
  0,
  0,
  0,
  0,
  0,
  0,
  0,
  0,
  0,
  0,
  0,
  0,
  0,
  0,
  0,
  0,
  0,
  0,
  0,
  0,
  0,
  0,
  0,
  0,
  0,
  0,
  1,
  1,
  1,
  0,
  0,
  0,
  0,
  0,
  0,
  0,
  0,
  0,
  0,
  0,
  0,
  1,
  0,
  1,
  1,
  1,
  0,
  0,
  0,
  0,
  0,
  0,
  0,
  0,
  0,
  0,
  0,
  0,
  0,
  0,
  0,
  0,
  0,
  0,
  0,
  0,
  0,
  0,
  0,
  0,
  0,
  0,
  0,
  0,
  0,
  0,
  0,
  0,
  0,
  0,
  0,
  0,
  0,
  0,
  0,
  0,
  0,
  0,
  0,
  0,
  0,
  0,
  0,
  0,
  0,
  0,
  0,
  1,
  1,
  0,
  0,
  0,
  0,
  0,
  0,
  0,
  0,
  0,
  0,
  0,
  0,
  0,
  0,
  0,
  0,
  0,
  0,
  0,
  0,
  0,
  0,
  0,
  0,
  0,
  0,
  0,
  0,
  0,
  0,
  0,
  0,
  0,
  0,
  0,
  0,
  0,
  0,
  0,
  0,
  0,
  0,
  0,
  0,
  0,
  0,
  0,
  0,
  0,
  0,
  0,
  0,
  0,
  0,
  0,
  0,
  0,
  0,
  0,
  0,
  0,
  0,
  0,
  0,
  1,
  1,
  0,
  0,
  0,
  0,
  0,
  0,
  0,
  0,
  0,
  1,
  1,
  1,
  1,
  0,
  0,
  0,
  0,
  0,
  0,
  0,
  0,
  0,
  0,
  0,
  0,
  0,
  0,
  0,
  0,
  0,
  0,
  0,
  0,
  0,
  0,
  0,
  0,
  0,
  0,
  0,
  0,
  0,
  0,
  0,
  0,
  0,
  0,
  0,
  0,
  0,
  0,
  0,
  0,
  0,
  0,
  0,
  0,
  0,
  0,
  0,
  0,
  0,
  0,
  0,
  0,
  0,
  0,
  0,
  0,
  0,
  0,
  0,
  0,
  0,
  0,
  0,
  0,
  0,
  0,
  0,
  0,
  0,
  0,
  0,
  0,
  0,
  0,
  0,
  0,
  0,
  0,
  0,
  0,
  0,
  0,
  0,
  0,
  0,
  0,
  0,
  0,
  0,
  0,
  1,
  0,
  1,
  1,
  1,
  0,
  0,
  0,
  0,
  0,
  0,
  0,
  0,
  0,
  0,
  0,
  0,
  0,
  0,
  0,
  0,
  0,
  0,
  0,
  0,
  0,
  0,
  0,
  0,
  0,
  0,
  0,
  0,
  0,
  0,
  0,
  0,
  0,
  0,
  0,
  0,
  0,
  0,
  0,
  0,
  0,
  0,
  0,
  0,
  0,
  0,
  0,
  0,
  0,
  0,
  0,
  0,
  0,
  0,
  0,
  1,
  1,
  1,
  0,
  0,
  0,
  1,
  1,
  1,
  0,
  0,
  0,
  0,
  0,
  0,
  0,
  0,
  0,
  0,
  0,
  0,
  0,
  0,
  0,
  0,
  0,
  0,
  0,
  0,
  0,
  0,
  0,
  0,
  0,
  0,
  1,
  1,
  0,
  0,
  1,
  0,
  0,
  0,
  0,
  0,
  0,
  0,
  0,
  0,
  0,
  0,
  0,
  0,
  0,
  0,
  0,
  0,
  0,
  0,
  0,
  0,
  0,
  0,
  0,
  0,
  0,
  0,
  0,
  0,
  0,
  0,
  0,
  0,
  0,
  0,
  0,
  0,
  0,
  0,
  0,
  0,
  0,
  0,
  0,
  0,
  0,
  0,
  0,
  0,
  0,
  0,
  0,
  0,
  0,
  0,
  0,
  0,
  0,
  0,
  0,
  0,
  0,
  0,
  0,
  0,
  0,
  0,
  0,
  0,
  0,
  0,
  0,
  0,
  0,
  0,
  0,
  0,
  0,
  0,
  0,
  0,
  0,
  0,
  0,
  0,
  0,
  0,
  0,
  0,
  0,
  0,
  0,
  0,
  0,
  0,
  0,
  0,
  0,
  0,
  0,
  0,
  0,
  0,
  0,
  0,
  0,
  0,
  0,
  0,
  0,
  0,
  0,
  0,
  0,
  0,
  0,
  0,
  0,
  0,
  0,
  0,
  0,
  0,
  0,
  0,
  0,
  0,
  0,
  0,
  0,
  0,
  0,
  0,
  0,
  0,
  0,
  0,
  1,
  1,
  0,
  0,
  0,
  1,
  0,
  0,
  0,
  0,
  0,
  0,
  0,
  0,
  0,
  0,
  0,
  0,
  0,
  1,
  1,
  1,
  0,
  0,
  0,
  0,
  0,
  0,
  0,
  0,
  0,
  0,
  0,
  0,
  0,
  0,
  0,
  0,
  0,
  0,
  0,
  0,
  0,
  0,
  0,
  0,
  0,
  0,
  0,
  0,
  0,
  0,
  0,
  0,
  0,
  0,
  0,
  0,
  0,
  0,
  0,
  0,
  0,
  0,
  0,
  0,
  0,
  0,
  0,
  0,
  0,
  0,
  0,
  0,
  1,
  0,
  0,
  0,
  0,
  0,
  0,
  0,
  0,
  0,
  0,
  0,
  0,
  0,
  0,
  0,
  0,
  0,
  0,
  0,
  0,
  0,
  0,
  0,
  0,
  0,
  0,
  0,
  0,
  0,
  0,
  0,
  0,
  0,
  0,
  0,
  0,
  0,
  0,
  0,
  0,
  0,
  0,
  0,
  0,
  0,
  0,
  0,
  0,
  0,
  0,
  0,
  0,
  0,
  0,
  0,
  0,
  0,
  0,
  0,
  0,
  0,
  0,
  0,
  0,
  0,
  0,
  0,
  0,
  0,
  0,
  0,
  0,
  0,
  0,
  0,
  0,
  0,
  0,
  0,
  0,
  0,
  0,
  0,
  0,
  0,
  0,
  0,
  0,
  0,
  0,
  0,
  0,
  0,
  0,
  0,
  0,
  0,
  0,
  0,
  0,
  0,
  0,
  0,
  0,
  0,
  0,
  0,
  0,
  0,
  0,
  0,
  0,
  0,
  0,
  0,
  0,
  0,
  0,
  0,
  0,
  0,
  0,
  0,
  1,
  1,
  1,
  0,
  1,
  1,
  0,
  0,
  0,
  0,
  0,
  0,
  0,
  0,
  0,
  0,
  0,
  0,
  1,
  1,
  0,
  0,
  0,
  1,
  0,
  0,
  0,
  1,
  1,
  1,
  0,
  0,
  0,
  0,
  0,
  0,
  0,
  0,
  0,
  0,
  0,
  0,
  0,
  0,
  0,
  0,
  0,
  0,
  0,
  0,
  0,
  0,
  0,
  0,
  0,
  0,
  0,
  0,
  0,
  0,
  0,
  0,
  0,
  0,
  0,
  0,
  0,
  0,
  0,
  0,
  0,
  0,
  0,
  0,
  0,
  0,
  0,
  0,
  0,
  0,
  0,
  0,
  0,
  0,
  0,
  0,
  0,
  0,
  0,
  0,
  0,
  0,
  0,
  0,
  0,
  0,
  0,
  0,
  0,
  0,
  0,
  0,
  0,
  0,
  0,
  0,
  0,
  0,
  0,
  0,
  0,
  0,
  0,
  0,
  0,
  0,
  0,
  0,
  0,
  0,
  0,
  0,
  0,
  0,
  0,
  0,
  0,
  0,
  0,
  0,
  0,
  0,
  0,
  0,
  0,
  0,
  0,
  0,
  0,
  0,
  0,
  0,
  0,
  0,
  0,
  0,
  0,
  0,
  0,
  0,
  0,
  0,
  0,
  0,
  0,
  0,
  0,
  0,
  0,
  0,
  0,
  0,
  0,
  0,
  0,
  0,
  0,
  0,
  0,
  0,
  0,
  0,
  0,
  0,
  0,
  0,
  0,
  0,
  0,
  0,
  0,
  0,
  0,
  0,
  0,
  0,
  0,
  0,
  0,
  0,
  0,
  0,
  0,
  0,
  0,
  0,
  0,
  0,
  0,
  0,
  0,
  0,
  0,
  0,
  0,
  0,
  0,
  0,
  0,
  0,
  1,
  1,
  1,
  1,
  1,
  1,
  0,
  0,
  0,
  0,
  0,
  0,
  0,
  0,
  0,
  0,
  0,
  0,
  0,
  0,
  0,
  0,
  0,
  0,
  0,
  0,
  0,
  0,
  0,
  1,
  0,
  0,
  0,
  0,
  0,
  0,
  0,
  0,
  0,
  0,
  0,
  0,
  0,
  0,
  0,
  0,
  0,
  0,
  0,
  0,
  0,
  0,
  0,
  0,
  0,
  0,
  0,
  0,
  0,
  0,
  0,
  0,
  0,
  0,
  0,
  0,
  0,
  0,
  0,
  0,
  0,
  0,
  0,
  0,
  0,
  0,
  0,
  0,
  0,
  0,
  0,
  0,
  0,
  0,
  0,
  0,
  0,
  0,
  0,
  0,
  0,
  0,
  0,
  0,
  0,
  0,
  0,
  0,
  0,
  0,
  0,
  0,
  0,
  0,
  0,
  0,
  0,
  0,
  0,
  0,
  0,
  0,
  0,
  0,
  0,
  0,
  0,
  0,
  0,
  0,
  0,
  0,
  0,
  0,
  0,
  0,
  0,
  0,
  0,
  0,
  0,
  0,
  0,
  0,
  0,
  0,
  0,
  0,
  0,
  0,
  0,
  0,
  0,
  0,
  0,
  0,
  0,
  0,
  0,
  0,
  0,
  0,
  0,
  0,
  0,
  0,
  0,
  0,
  0,
  0,
  0,
  0,
  0,
  0,
  0,
  0,
  0,
  0,
  0,
  0,
  0,
  0,
  0,
  0,
  0,
  0,
  0,
  0,
  0,
  0,
  0,
  0,
  0,
  0,
  0,
  0,
  0,
  0,
  0,
  0,
  0,
  0,
  0,
  0,
  0,
  0,
  0,
  0,
  0,
  0,
  0,
  0,
  0,
  0,
  0,
  0,
  0,
  0,
  0,
  0,
  0,
  0,
  0,
  0,
  0,
  0,
  0,
  0,
  0,
  0,
  0,
  0,
  0,
  0,
  0,
  0,
  0,
  0,
  0,
  0,
  0,
  0,
  0,
  0,
  0,
  0,
  0,
  0,
  0,
  0,
  0,
  0,
  0,
  0,
  0,
  0,
  0,
  0,
  0,
  0,
  0,
  0,
  0,
  0,
  0,
  0,
  0,
  0,
  0,
  0,
  0,
  0,
  0,
  0,
  0,
  0,
  0,
  0,
  0,
  0,
  0,
  0,
  0,
  0,
  0,
  0,
  0,
  0,
  0,
  0,
  0,
  0,
  0,
  0,
  0,
  0,
  0,
  0,
  0,
  0,
  0,
  0,
  0,
  0,
  0,
  0,
  0,
  0,
  0,
  0,
  1,
  1,
  1,
  1,
  1,
  1,
  1,
  1,
  0,
  0,
  1,
  1,
  0,
  0,
  0,
  0,
  0,
  0,
  0,
  0,
  0,
  0,
  0,
  0,
  0,
  0,
  0,
  0,
  0,
  0,
  0,
  0,
  0,
  0,
  0,
  0,
  1,
  1,
  1,
  1,
  1,
  1,
  1,
  1,
  1,
  1,
  1,
  1,
  1,
  0,
  0,
  0,
  1,
  1,
  0,
  0,
  0,
  0,
  0,
  0,
  0,
  0,
  0,
  0,
  0,
  0,
  0,
  0,
  0,
  0,
  0,
  0,
  0,
  0,
  0,
  0,
  0,
  0,
  0,
  0,
  0,
  0,
  0,
  0,
  0,
  0,
  0,
  0,
  0,
  0,
  0,
  0,
  0,
  0,
  0,
  0,
  0,
  0,
  0,
  0,
  0,
  0,
  0,
  0,
  0,
  0,
  0,
  0,
  0,
  0,
  0,
  0,
  0,
  0,
  0,
  0,
  0,
  0,
  0,
  0,
  0,
  0,
  0,
  0,
  0,
  0,
  0,
  0,
  0,
  0,
  0,
  0,
  0,
  0,
  0,
  0,
  0,
  0,
  0,
  0,
  0,
  0,
  0,
  0,
  0,
  0,
  0,
  0,
  0,
  0,
  0,
  0,
  0,
  0,
  0,
  0,
  0,
  0,
  1,
  1,
  1,
  1,
  1,
  1,
  0,
  0,
  0,
  0,
  0,
  0,
  0,
  0,
  0,
  0,
  0,
  0,
  0,
  0,
  0,
  0,
  0,
  0,
  0,
  0,
  0,
  0,
  0,
  0,
  0,
  0,
  0,
  0,
  0,
  0,
  0,
  0,
  0,
  0,
  0,
  0,
  0,
  0,
  0,
  0,
  0,
  0,
  0,
  0,
  0,
  0,
  0,
  0,
  0,
  0,
  0,
  0,
  0,
  0,
  0,
  0,
  0,
  0,
  0,
  0,
  0,
  0,
  0,
  0,
  0,
  0,
  0,
  0,
  0,
  0,
  0,
  0,
  0,
  0,
  0,
  0,
  0,
  0,
  0,
  0,
  0,
  0,
  0,
  0,
  0,
  0,
  0,
  0,
  0,
  0,
  0,
  0,
  0,
  0,
  0,
  0,
  0,
  0,
  0,
  1,
  1,
  1,
  1,
  0,
  0,
  0,
  0,
  0,
  0,
  0,
  0,
  0,
  0,
  0,
  0,
  0,
  0,
  0,
  0,
  0,
  0,
  0,
  0,
  0,
  0,
  0,
  0,
  0,
  0,
  0,
  0,
  0,
  0,
  0,
  0,
  0,
  0,
  0,
  0,
  0,
  0,
  0,
  0,
  0,
  0,
  0,
  0,
  0,
  0,
  0,
  0,
  0,
  0,
  0,
  0,
  0,
  0,
  0,
  0,
  0,
  0,
  0,
  0,
  0,
  0,
  0,
  0,
  0,
  0,
  0,
  0,
  0,
  0,
  0,
  0,
  0,
  0,
  0,
  0,
  0,
  0,
  0,
  0,
  0,
  0,
  0,
  0,
  0,
  0,
  0,
  0,
  0,
  0,
  0,
  0,
  0,
  0,
  0,
  0,
  0,
  0,
  0,
  0,
  0,
  0,
  0,
  0,
  0,
  0,
  0,
  0,
  0,
  0,
  0,
  0,
  0,
  0,
  0,
  0,
  0,
  0,
  0,
  0,
  0,
  0,
  0,
  0,
  0,
  0,
  0,
  0,
  0,
  0,
  0,
  0,
  0,
  0,
  0,
  0,
  0,
  0,
  0,
  0,
  0,
  0,
  0,
  0,
  0,
  0,
  0,
  0,
  0,
  0,
  0,
  0,
  0,
  0,
  0,
  0,
  0,
  0,
  0,
  0,
  0,
  0,
  0,
  0,
  0,
  0,
  0,
  0,
  0,
  0,
  0,
  0,
  0,
  0,
  0,
  0,
  0,
  0,
  0,
  0,
  0,
  0,
  0,
  0,
  0,
  0,
  0,
  0,
  0,
  0,
  0,
  0,
  0,
  0,
  0,
  0,
  0,
  0,
  0,
  0,
  0,
  0,
  0,
  0,
  0,
  0,
  0,
  0,
  0,
  0,
  0,
  0,
  0,
  0,
  0,
  0,
  0,
  0,
  0,
  0,
  0,
  0,
  0,
  0,
  0,
  0,
  0,
  0,
  0,
  0,
  0,
  0,
  0,
  0,
  0,
  0,
  0,
  0,
  0,
  0,
  0,
  0,
  0,
  0,
  0,
  0,
  0,
  0,
  0,
  0,
  0,
  0,
  0,
  0,
  0,
  0,
  0,
  0,
  0,
  0,
  0,
  0,
  0,
  0,
  0,
  0,
  0,
  0,
  0,
  0,
  0,
  0,
  0,
  0,
  0,
  0,
  0,
  0,
  0,
  0,
  0,
  0,
  0,
  0,
  0,
  0,
  0,
  0,
  0,
  0,
  0,
  0,
  0,
  0,
  0,
  0,
  0,
  0,
  0,
  0,
  0,
  0,
  0,
  0,
  0,
  0,
  0,
  0,
  0,
  0,
  0,
  0,
  0,
  1,
  1,
  0,
  1,
  1,
  1,
  1,
  0,
  0,
  0,
  0,
  0,
  0,
  0,
  0,
  0,
  0,
  0,
  0,
  0,
  0,
  0,
  0,
  0,
  0,
  0,
  0,
  0,
  0,
  0,
  0,
  0,
  0,
  0,
  0,
  0,
  0,
  0,
  0,
  0,
  0,
  0,
  0,
  0,
  0,
  1,
  1,
  0,
  0,
  1,
  1,
  1,
  1,
  1,
  1,
  1,
  1,
  1,
  1,
  1,
  0,
  0,
  0,
  1,
  1,
  0,
  0,
  0,
  0,
  0,
  0,
  0,
  0,
  0,
  0,
  0,
  0,
  0,
  0,
  0,
  0,
  0,
  0,
  0,
  0,
  0,
  0,
  0,
  0,
  0,
  0,
  0,
  0,
  0,
  0,
  0,
  0,
  0,
  0,
  0,
  0,
  0,
  0,
  0,
  0,
  0,
  0,
  0,
  0,
  0,
  0,
  0,
  0,
  0,
  0,
  0,
  0,
  0,
  0,
  0,
  0,
  0,
  0,
  0,
  0,
  0,
  0,
  0,
  0,
  0,
  0,
  0,
  0,
  0,
  0,
  0,
  0,
  0,
  0,
  0,
  0,
  0,
  0,
  0,
  0,
  0,
  0,
  0,
  0,
  0,
  0,
  0,
  0,
  0,
  0,
  0,
  0,
  0,
  0,
  0,
  0,
  0,
  0,
  0,
  0,
  0,
  0,
  0,
  0,
  0,
  0,
  0,
  0,
  0,
  0,
  0,
  0,
  0,
  0,
  0,
  0,
  0,
  0,
  0,
  0,
  0,
  0,
  0,
  0,
  1,
  0,
  0,
  0,
  0,
  0,
  0,
  0,
  0,
  0,
  0,
  0,
  0,
  0,
  0,
  0,
  0,
  0,
  0,
  0,
  0,
  0,
  0,
  0,
  0,
  1,
  1,
  1,
  0,
  1,
  0,
  0,
  0,
  0,
  0,
  0,
  0,
  0,
  0,
  0,
  0,
  0,
  0,
  0,
  0,
  0,
  0,
  0,
  0,
  0,
  0,
  0,
  0,
  0,
  0,
  0,
  0,
  0,
  0,
  0,
  0,
  0,
  0,
  0,
  0,
  0,
  0,
  0,
  0,
  0,
  0,
  0,
  0,
  0,
  0,
  0,
  0,
  0,
  0,
  0,
  0,
  0,
  0,
  0,
  0,
  0,
  0,
  0,
  0,
  0,
  0,
  0,
  0,
  0,
  0,
  0,
  0,
  0,
  0,
  0,
  0,
  1,
  1,
  1,
  0,
  0,
  0,
  0,
  0,
  0,
  0,
  0,
  0,
  1,
  1,
  0,
  0,
  0,
  0,
  0,
  0,
  0,
  0,
  0,
  0,
  0,
  0,
  0,
  0,
  0,
  0,
  0,
  0,
  0,
  0,
  0,
  0,
  0,
  0,
  0,
  0,
  0,
  0,
  0,
  0,
  0,
  0,
  0,
  0,
  0,
  0,
  0,
  0,
  0,
  0,
  0,
  0,
  0,
  0,
  0,
  0,
  0,
  0,
  0,
  0,
  0,
  0,
  0,
  0,
  0,
  0,
  0,
  0,
  0,
  0,
  0,
  0,
  0,
  0,
  0,
  0,
  0,
  0,
  0,
  0,
  0,
  0,
  0,
  0,
  0,
  0,
  0,
  0,
  0,
  0,
  0,
  0,
  0,
  0,
  0,
  0,
  0,
  0,
  0,
  0,
  0,
  0,
  1,
  0,
  1,
  1,
  1,
  0,
  0,
  0,
  0,
  0,
  0,
  0,
  0,
  0,
  0,
  0,
  0,
  0,
  0,
  0,
  0,
  0,
  0,
  0,
  0,
  0,
  0,
  0,
  0,
  0,
  0,
  0,
  0,
  0,
  0,
  0,
  0,
  0,
  0,
  0,
  0,
  0,
  0,
  0,
  0,
  0,
  0,
  0,
  0,
  0,
  0,
  0,
  0,
  0,
  0,
  0,
  0,
  0,
  0,
  1,
  1,
  1,
  0,
  0,
  0,
  1,
  1,
  1,
  0,
  0,
  0,
  0,
  0,
  0 ;
}
